"","Code","Type","Family","Facility Name","Permit","Map Label","Location","City","County","State","Zip","Longitude","Latitude","Access","Waste Shed","Operating Days & Hours","Days /Year","Acres","Total of All Wastes (tons/day)","Volume Description","Principal Waste (tons/day)","Principal Waste Description","$/ Ton","Tip Fee Description","Remaining Capacity (tons)","Start Date","Close Date","Ownership","Owner Entity","Owner Code","Owner Contact","Owner Title","Owner Department","Owner Address 1","Owner Address 2","Owner Phone","Owner Fax","Owner Email","Operation","Operator Entity","Operator Code","Operator Contact","Operator Title","Operator Department","Operator Address 1","Operator Address 2","Operator Phone","Operator Fax","Operator Email","Waste Types Accepted","Waste Types NOT Accepted"
"1","AL0086","LF","LF","Advanced Disposal Cedar Hill Landfill","58-01R","AL-2","1319 North Business Creek Road","Ragland","Saint Clair","AL","35131",-86.1603,33.738,"Highway","Regional Waste District","Mon-Fri 8am-4pm, Sat 7am-11:30am",312,40,587.62,"587 TPD",587.62,"MSW: 587 TPD",66,"MSW: $66.00 /Ton",6960000,1989-03-15,NA,"Private","Advanced Disposal Services, Inc.","AIGH","Mr. Johnny Goodspeed","Area Manager",NA,"PO Box 270","Peterson, AL  35478","(205) 424-8457","(205) 553-0556",NA,"Private","Advanced Disposal Services, Inc.","AIGH","Mr. Jim Dunham","District Manager",NA,"1319 North Business Creek Road","Cropwell, AL  35054","(205) 338-7821","(205) 338-1062",NA,"Non-Friable Asb., C&D Waste, Cont. Soil, Indust. Waste, MSW, Non-haz Ash, Sludge, Yard Waste","Tires"
"2","AL0087","LF","LF","Advanced Disposal Star Ridge Landfill","58-05R","AL-4","3301 Acmar Road","Moody","Saint Clair","AL","35004",-86.5115,33.5878,"Highway","Regional Waste District","Mon-Fri 5am-4pm, Sat 6am-11am",312,760,1714.01,"1,714 TPD",1000,"CS : 1,000 TPD",49,"CS : $49.00 /Ton",17100000,1983-08-15,2097-09-18,"Private","Advanced Disposal Services, Inc.","AIGH","Mr. Jim Dunham","District Manager","Star Ridge Landfill","3301 Acmar Road, PO Box 430","Moody, AL  35004","(205) 640-7000","(205) 640-3719","james.dunham@veoliaes.com","Private","Advanced Disposal Services, Inc.","AIGH","Mr. Jim Dunham","District Manager","Star Ridge Landfill","3301 Acmar Road, PO Box 430","Moody, AL  35004","(205) 640-7000","(205) 640-3719","james.dunham@veoliaes.com","Non-Friable Asb., C&D Waste, Carpet Mat., Cont. Soil, MSW, Sludge, Yard Waste","Tires"
"3","AL0411","LF","LF","Stone's Throw Landfill","62-11","AL-103","1303 Washington Blvd.","Tallassee","Elmore","AL","36078",-85.831904,32.510568,"Highway","Out-of-County/Metro.","Mon-Fri 7am-5pm (closed 11am-12pm for lunch)",260,123,734.9,"734 TPD",734.9,"MSW: 734 TPD",51,"MSW: $51.00 /Ton",5340000,2002-06-30,NA,"Private","Advanced Disposal Services Alabama, LLC","AIGH","Mr. Tray Allen","Landfill Manager","Stone's Throw Landfill","1303 Washington Blvd.","Tallassee, AL  36078","(334) 252-1210","(334) 252-8089","tallen@advanceddisposal.com","Private","Advanced Disposal Services Alabama, LLC","AIGH","Mr. Tray Allen","Landfill Manager","Stone's Throw Landfill","1303 Washington Blvd.","Tallassee, AL  36078","(334) 252-1210","(334) 252-8089","tallen@advanceddisposal.com","C&D Waste, MSW, Tires","Freon Appl."
"4","AL0480","LF","LF","Turkey Trot Landfill, LLC","65-05","AL-112","2328 Mannish Ryan Rd","Citronelle","Mobile","AL","36522",-88.171775,31.150965,"Highway",NA,"Mon-Fri 7am-4:30pm",260,300,300,"300 TPD",300,"MSW: 100-500 TPD",38,"MSW: $38.00 /Ton",2230000,2009-10-19,NA,"Private","Advanced Disposal Services, Inc.","AIGH","Mr. Gerald Allen",NA,NA,"90 Fort Wade Road","Ponte Vedra, FL  32081","(904) 737-7900","(904) 636-0699","gallen@advanceddisposal.com","Private","Advanced Disposal Services, Inc.","AIGH","Mr. Jerry Cox","General Manager","Turkey Trot Landfill","2328 Mannish Ryan Rd","Citronelle, AL  36522","(251) 866-7787","(251) 866-7566","jcox@advanceddisposal.com","C&D Waste, MSW",NA
"5","GA0442","LF","LF","Advanced Disposal Eagle Point Landfill","058-012D(MSWL)","GA-2","8880 Old Federal Road","Ball Ground","Cherokee","GA","30107",-84.240833,34.325556,"Highway","Regional Waste District","Mon-Fri 3:30am-4:30pm, Sat 6am-1pm",312,577,4293.94,"4,293 TPD",3903.71,"MSW: 3,903 TPD",57,"MSW: $57.00 /Ton",48500000,2001-10-05,2048-06-15,"Private","Advanced Disposal Services, Inc.","AIGH","Mr. Gerald Allen","Vice President of Landfills",NA,"8880 Old Federal Road","Ball Ground, GA  30107","(770) 781-2721","(770) 781-4064",NA,"Private","Advanced Disposal Services, Inc.","AIGH","Mr. Trey Allen","General Manager","Eagle Point Landfill","8880 Old Federal Road","Ball Ground, GA  30107","(770) 781-2721","(770) 781-4064",NA,"Non-Friable Asb., C&D Waste, Indust. Waste, MSW, Sludge","Tires"
"6","GA0506","LF","LF","Advanced Disposal Evergreen Landfill","092-022D(MSWL)","GA-3","3163 Wetherington Lane","Valdosta","Lowndes","GA","31601",-83.359923,30.823575,"Highway","Exclusive or Captive","Mon-Fri 6am-5pm, Sat 7am-11am",312,147,1079.72,"1,079 TPD",1079.72,"MSW: 1,079 TPD",50,"MSW: $50.00 /Ton",10500,2007-01-01,NA,"Private","Advanced Disposal Services, Inc.","AIGH","Mr. Greg Walk","Area Manager","Pecan Row Landfill","2995 Wetherington Lane","Valdosta, GA  31601-1109","(229) 293-8157","(229) 293-8321","greg.walk@veoliaes.com","Private","Advanced Disposal Services, Inc.","AIGH","Mr. Greg Walk","General Manager","Evergreen Landfill","3163 Wetherington Lane","Valdosta, GA  31601","(229) 241-8440","(229) 242-7439","greg.walk@veoliaes.com","C&D Waste, MSW, Yard Waste","Tires"
"7","GA0006","LF","LF","Advanced Disposal Pecan Row Landfill","092-019D(SL)","GA-4","2995 Wetherington Lane","Valdosta","Lowndes","GA","31601",-83.360302,30.812912,"Highway","Regional Waste District","Mon-Fri 6am-5pm, Sat 7am-11am",312,97,0.1,"0.10 TPD",0.1,"MSW: 0.10 TPD",45,"MSW: $45.00 /Ton",3240000,1992-06-30,NA,"Private","Advanced Disposal Services, Inc.","AIGH","Mr. Greg Walk","Area Manager","Pecan Row Landfill","2995 Wetherington Lane","Valdosta, GA  31601-1109","(229) 293-8157","(229) 293-8321","greg.walk@veoliaes.com","Private","Advanced Disposal Services, Inc.","AIGH","Mr. Greg Walk","Area Manager","Pecan Row Landfill","2995 Wetherington Lane","Valdosta, GA  31601-1109","(229) 293-8157","(229) 293-8321","greg.walk@veoliaes.com","Non-Friable Asb., C&D Waste, Carpet Mat., Cont. Soil, Indust. Waste, MSW, Sludge, Yard Waste","Tires"
"8","IL0297","LF","LF","Advanced Disposal Orchard Hills Landfill","1410175005","IL-2","8290 Highway 251 South","Davis Junction","Ogle","IL","61020",-89.080455,42.140336,"Highway","County/Metro.","Mon-Fri 7am-4pm, Sat 7am-11am",312,333,9437.43,"9,437 TPD",9437.43,"MSW: 9,437 TPD",82,"MSW: $82.00 /Ton",0,1998-01-13,NA,"Private","Advanced Disposal Services, Inc.","AIGH","Mr. Bruce Knapp","General Manager","Orchard Hills Landfill","8290 Highway 251 South","Davis Junction, IL  61020","(815) 874-9000","(815) 874-5841","bruce.knapp@veoliaes.com","Private","Advanced Disposal Services, Inc.","AIGH","Mr. Bruce Knapp","General Manager","Orchard Hills Landfill","8290 Highway 251 South","Davis Junction, IL  61020","(815) 874-9000","(815) 874-5841","bruce.knapp@veoliaes.com","C&D Waste, Cont. Soil, MSW","Non-Friable Asb., Tires, Yard Waste"
"9","IL0082","LF","LF","Advanced Disposal Valley View Landfill","1158040008","IL-3","1363 Bear Road","Decatur","Macon","IL","62522",-89.043191,39.824577,"Highway","County/Metro. Exclusive","Mon-Tue, Thu-Fri 7am-3pm, Wed 7am-2:30pm, Sat 7am-10:30am",312,235,560.69,"560 TPD",557.32,"MSW: 557 TPD",89.4,"MSW: $89.40 /Ton",2330000,1978-01-01,NA,"Private","Advanced Disposal Services, Inc.","AIGH","Mr. Chris Rooney","General Manager","Valley View Landfill","1363 Bear Road","Decatur, IL  62522","(217) 963-2976","(217) 963-2981","christopher.rooney@veoliaes.com","Private","Advanced Disposal Services, Inc.","AIGH","Mr. Chris Rooney","General Manager","Valley View Landfill","1363 Bear Road","Decatur, IL  62522","(217) 963-2976","(217) 963-2981","christopher.rooney@veoliaes.com","Non-Friable Asb., C&D Waste, Cont. Soil, MSW, Non-haz Ash, Yard Waste","Tires"
"10","IL0066","LF","LF","Advanced Disposal Zion Landfill","0978020002","IL-4","701 N. Green Bay Road","Zion","Lake","IL","60099",-87.8385,42.4436,"Highway","County/Metro.","Mon-Fri 6:30am-3:30pm, Sat 7am-10am",312,178,2400.78,"2,400 TPD",2400.78,"MSW: 2,400 TPD",58.5,"MSW: $58.50 /Ton",10100000,1980-01-01,NA,"Private","Advanced Disposal Services, Inc.","AIGH","Mr. James Lewis","General Manager",NA,"701 Green Bay Road","Zion, IL  60099","(847) 623-3870","(847) 746-0666","james.lewis@veoliaes.com","Private","Advanced Disposal Services, Inc.","AIGH","Mr. James Lewis","General Manager",NA,"701 Green Bay Road","Zion, IL  60099","(847) 623-3870","(847) 746-0666","james.lewis@veoliaes.com","Non-Friable Asb., C&D Waste, Carpet Mat., Cont. Soil, Indust. Waste, Furniture, MSW, Non-haz Ash, Sludge, Special Waste","Hazardous, Truck Tires, Tractor Tires, Tires, Appliances, Yard Waste"
"11","IN0091","LF","LF","Advanced Disposal Blackfoot Landfill","63-04","IN-3","3726 East State Rte 64, RR 1","Winslow","Pike","IN","47598",-87.204723,38.320001,"Highway","County/Metro.","Mon-Fri 7am-5pm, Sat 7am-12pm",312,379,2150.45,"2,150 TPD",738.03,"MSW: 738 TPD",55,"MSW: $55.00 /Ton",4380000,1990-09-01,2030-12-31,"Private","Advanced Disposal Services, Inc.","AIGH","Mr. Charles Johnson","General Manager","Blackfoot Landfill","3726 East State Road 64","Winslow, IN  47598","(812) 789-2647","(812) 789-9490",NA,"Private","Advanced Disposal Services, Inc.","AIGH","Mr. Charles Johnson","General Manager","Blackfoot Landfill","3726 East State Road 64","Winslow, IN  47598","(812) 789-2647","(812) 789-9490",NA,"Alt. Daily Cover, Non-Friable Asb., C&D Waste, Carpet Mat., Cont. Soil, Indust. Waste, Rubble, MSW, Non-haz Ash, Sludge, Sand, Special Waste, Tires, Yard Waste","Electronics"
"12","IN0056","LF","LF","Advanced Disposal Hoosier Landfill","43-01, 43-16","IN-4","2710 E. 800 South","Claypool","Kosciusko","IN","46510",-85.785413,41.120067,"Highway","Regional Waste District","Mon-Fri 7am-5pm, Sat 7am-12pm",312,120,1449.01,"1,449 TPD",571.36,"MSW: 571 TPD",40,"MSW: $40.00 /Ton",0,1974-06-30,2019-12-31,"Private","Advanced Disposal Services, Inc.","AIGH","Mr. Greg Walk","Landfill Manager","Hoosier Landfill","2710 E. 800 South","Claypool, IN  46510","(260) 839-0300","(260) 839-5601","greg.walk@veoliaes.com","Private","Advanced Disposal Services, Inc.","AIGH","Mr. Greg Walk","Landfill Manager","Hoosier Landfill","2710 E. 800 South","Claypool, IN  46510","(260) 839-0300","(260) 839-5601","greg.walk@veoliaes.com","Alt. Daily Cover, C&D Waste, Cont. Soil, Indust. Waste, Rubble, MSW, Non-haz Ash, Recyclables, Sand, Special Waste","Non-Friable Asb., Hazardous, Medical Waste, Sludge, Tires, Yard Waste"
"13","KY0088","LF","LF","Advanced Disposal Blue Ridge Landfill","033-00004","KY-1","2700 Winchester Road off 89","Irvine","Estill","KY","40336",-83.9965,37.7073,"Highway","County/Metro.","Mon-Fri 7:30am-4:30pm, Sat 8am-12pm",312,0,485.02,"485 TPD",349.43,"MSW: 349 TPD",31,"MSW: $31.00 /Ton",10600000,1990-03-15,2092-03-18,"Private","Advanced Disposal Services, Inc.","AIGH","Mr. Billy Bowles","Site Manager","Blue Ridge Landfill","2700 Winchester Rd","Irvine, KY  40336","(606) 723-5552",NA,"scotty.bishop@veoliaes.com","Private","Advanced Disposal Services, Inc.","AIGH","Mr. Billy Bowles","Site Manager","Blue Ridge Landfill","2700 Winchester Rd","Irvine, KY  40336","(606) 723-5552",NA,"scotty.bishop@veoliaes.com","Alt. Daily Cover, Non-Friable Asb., C&D Waste, Carpet Mat., Cont. Soil, Indust. Waste, MSW, Sludge, Special Waste, Truck Tires, Tractor Tires, Tires, Yard Waste",NA
"14","KY0073","LF","LF","Advanced Disposal Morehead Landfill","103-00007","KY-2","300 Old Phelps Lane","Morehead","Rowan","KY","40351",-83.4436,38.1961,"Highway","Regional Waste District","Mon-Fri 8am-5pm, 1st Sat 8am-12pm",260,250,283.25,"283 TPD",195.04,"MSW: 195 TPD",13,"MSW: $13.00 /Ton",444000,1975-01-01,2026-12-31,"Private","Advanced Disposal Services, Inc.","AIGH","Mr. Dave Stucker","District Manager",NA,"300 Old Phelps Lane","Morehead, KY  40351","(606) 784-6544",NA,NA,"Private","Advanced Disposal Services, Inc.","AIGH","Mr. LeRoy Hodges","Operations Manager","Local Sanitation Service Inc","300 Old Phelps Lane","Morehead, KY  40351","(606) 784-6544","(606) 784-8570","leroy.hodges@veoliaes.com","Alt. Daily Cover, C&D Waste, Cont. Soil, Indust. Waste, MSW, Special Waste, Truck Tires, Tires, Yard Waste",NA
"15","MI0070","LF","LF","Advanced Disposal Arbor Hills Landfill","475946","MI-4","10690 West Six Mile Road","Northville","Wayne","MI","48168",-83.4796,42.4255,"Highway","County/Metro. Exclusive","Mon-Fri 7am-5pm, Sat 7am-12pm",312,337,6053.66,"6,053 TPD",3856.75,"MSW: 3,856 TPD",33.5,"MSW: $33.50 /Ton",22100000,1991-03-18,NA,"Private","Advanced Disposal Services, Inc.","AIGH","Mr. Dave Rettell","General Manager","Arbor Hills Landfill","10690 West Six Mile Road","Northville, MI  48167","(248) 349-3215","(248) 349-5634","dave.rettell@veoliaes.com","Private","Advanced Disposal Services, Inc.","AIGH","Mr. Dave Rettell","General Manager","Arbor Hills Landfill","10690 West Six Mile Road","Northville, MI  48167","(248) 349-3215","(248) 349-5634","dave.rettell@veoliaes.com","Non-Friable Asb., C&D Waste, Carpet Mat., Indust. Waste, MSW, Recyclables, Appliances, Yard Waste","Cont. Soil, Tires"
"16","MO0042","LF","LF","Advanced Disposal Maple Hill Landfill Inc","0112106","MO-1","31226 Intrepid Road","Macon","Macon","MO","63552",-92.53987,39.734379,"Highway","Regional Waste District","Mon-Fri 8am-4:30pm",260,384,492.3,"492 TPD",492.3,"MSW: 492 TPD",55,"MSW: $55.00 /Ton",3310000,1975-05-15,NA,"Private","Advanced Disposal Services, Inc.","AIGH","Mr. Dave Sellhorst","General Manager","Maple Hill Landfill","31226 Intrepid Rd., PO Box 389","Bevier, MO  63532","(660) 773-5459","(660) 773-6690",NA,"Private","Advanced Disposal Services, Inc.","AIGH","Mr. Dave Sellhorst","General Manager","Maple Hill Landfill","31226 Intrepid Rd., PO Box 389","Bevier, MO  63532","(660) 773-5459","(660) 773-6690",NA,"Alt. Daily Cover, Non-Friable Asb., C&D Waste, Cont. Soil, MSW, Sludge, Tires, Wood, Yard Waste",NA
"17","PA0090","LF","LF","Advanced Disposal Chestnut Valley Landfill","100419","PA-8","1184 McClellandtown Rd, off Route 21","Mc Clellandtown","Fayette","PA","15458",-79.8558,39.891,"Highway","County/Metro.","Mon-Fri 8am-3pm",260,0,778.99,"778 TPD",419.05,"DI : 419 TPD",51,"DI : $51.00 /Ton",1240000,1985-06-30,NA,"Private","Advanced Disposal Services, Inc.","AIGH","Mr. Dean T. Mori","General Manager","Chestnut Valley Landfill","1184 McClellandtown Road","Mc Clellandtown, PA  15458","(724) 892-2199","(724) 437-7378","dean.mori@veoliaes.com","Private","Advanced Disposal Services, Inc.","AIGH","Mr. Dean T. Mori","General Manager","Chestnut Valley Landfill","1184 McClellandtown Road","Mc Clellandtown, PA  15458","(724) 892-2199","(724) 437-7378","dean.mori@veoliaes.com","Non-Friable Asb., C&D Waste, Cont. Soil, Indust. Waste, Medical Waste, MSW, Non-haz Ash, Sludge","Tires, Yard Waste"
"18","PA0069","LF","LF","Advanced Disposal Cumberland County Landfill","100945","PA-9","142 Vaughn Road","Shippensburg","Cumberland","PA","17257",-77.504046,40.142206,"Highway","Regional Waste District","Mon-Fri 7am-3:30pm, Sat 7am-10:30am",312,600,2038.99,"2,038 TPD",1091.05,"MSW: 1,091 TPD",84,"MSW: $84.00 /Ton",283000,NA,2021-12-31,"Private","Advanced Disposal Services, Inc.","AIGH","Mr. Kevin Bush","General Manager","Cumberland County Landfill","620 Newville Rd","Newburg, PA  17240","(717) 423-9953","(717) 423-6822","kbush@iswaste.com","Private","Advanced Disposal Services, Inc.","AIGH","Mr. Kevin Bush","General Manager","Cumberland County Landfill","620 Newville Rd","Newburg, PA  17240","(717) 423-9953","(717) 423-6822","kbush@iswaste.com","Asbestos, Non-Friable Asb., C&D Waste, Carpet Mat., Indust. Waste, Medical Waste, MSW, Non-haz Ash, Sludge","Cont. Soil, Tires, Appliances, Yard Waste"
"19","PA0095","LF","LF","Advanced Disposal Greentree Landfill","101397","PA-10","635 Toby Road, South of I80","Kersey","Elk","PA","15846",-78.6016,41.3555,"Highway","Regional Waste District","Mon-Fri 7am-4pm, Sat 7am-11am",312,1400,1719.8,"1,719 TPD",1312.18,"MSW: 1,312 TPD",45,"MSW: $45.00 /Ton",3640000,1986-05-15,2027-03-18,"Private","Advanced Disposal Services, Inc.","AIGH","Mr. Donald Henrichs","Eastern Region Area Manager","Greentree Landfill","635 Toby Road","Kersey, PA  15846","(814) 265-1744","(814) 265-8745","donald.henrichs@advanceddisposal.com","Private","Advanced Disposal Services, Inc.","AIGH","Mr. Rudy Pollino","Site Manager","Greentree Landfill","635 Toby Road","Kersey, PA  15846","(814) 265-1744","(814) 265-8745",NA,"Asbestos, Non-Friable Asb., C&D Waste, Carpet Mat., Cont. Soil, Indust. Waste, Medical Waste, MSW, Non-haz Ash, Sludge, Tires, Appliances, Freon Appl.",NA
"20","PA0078","LF","LF","Advanced Disposal Sandy Run Landfill","101538","PA-12","995 Landfill Road, Township Road 549","Hopewell","Bedford","PA","16650",-78.3148,40.1214,"Highway","Regional Waste District","Mon-Fri 7am-3:30pm",260,718,122.09,"122 TPD",66.74,"DI : 66 TPD",85,"DI : $85.00 /Ton",599000,NA,2025-12-31,"Private","Advanced Disposal Services, Inc.","AIGH","Mr. Kevin Bush","General Manager","Sandy Run Landfill","995 Landfill Rd","Hopewell, PA  16650","(814) 928-5001","(814) 928-3318","kevin.bush@advanceddisposal.com","Private","Advanced Disposal Services, Inc.","AIGH","Mr. Kevin Bush","General Manager","Sandy Run Landfill","995 Landfill Rd","Hopewell, PA  16650","(814) 928-5001","(814) 928-3318","kevin.bush@advanceddisposal.com","Non-Friable Asb., C&D Waste, Indust. Waste, MSW, Sludge, Truck Tires, Tires, Appliances, Yard Waste","Cont. Soil"
"21","PA0105","LF","LF","Advanced Disposal Western Berks Landfill","100739","PA-13","455 Poplar Neck Road","Birdsboro","Berks","PA","19508",-75.908437,40.302701,"Highway","Regional Waste District","Mon-Fri 7am-4pm, (Sat 7am-12pm Apr-Sep)",260,50,892,"892 TPD",527.46,"MSW: 527 TPD",64.05,"MSW: $64.05 /Ton",1150000,1972-06-30,NA,"Private","Advanced Disposal Services, Inc.","AIGH","Mr. Troy Fink","Landfill Manager","Western Berks Landfill","455 Poplar Neck Road","Birdsboro, PA  19508","(610) 375-1516","(610) 375-2128",NA,"Private","Advanced Disposal Services, Inc.","AIGH","Mr. Troy Fink","Landfill Manager","Western Berks Landfill","455 Poplar Neck Road","Birdsboro, PA  19508","(610) 375-1516","(610) 375-2128",NA,"Non-Friable Asb., C&D Waste, Cont. Soil, Indust. Waste, Medical Waste, MSW, Non-haz Ash, Sludge, Yard Waste",NA
"22","PA0220","LF","LF","Mostoller Landfill","101571","PA-44","7095 Glades Pike Road","Somerset","Somerset","PA","155014213",-78.986991,39.978635,"Highway","County/Metro.","Mon-Fri 7am-3pm, Sat 7am-10am",312,13,542.62,"542 TPD",398.83,"MSW: 398 TPD",53.56,"MSW: $53.56 /Ton",172000,1988-10-01,NA,"Private","Advanced Disposal Services, Inc.","AIGH","Mr. Donald Henrichs","Eastern Region Area Manager","Greentree Landfill","635 Toby Road","Kersey, PA  15846","(814) 265-1744","(814) 265-8745","donald.henrichs@advanceddisposal.com","Private","Advanced Disposal Services, Inc.","AIGH","Mr. Steve Ott","General Manager","Mostoller Landfill","7095 Glades Pike Road","Somerset, PA  15501","(814) 444-0112","(814) 444-0127","sott@iswaste.com","Non-Friable Asb., C&D Waste, Indust. Waste, MSW, Non-haz Ash, Sludge",NA
"23","TN0802","LF","LF","EcoSafe Systems Class I Landfill","SNL820000282","TN-25","385 Harr Lane","Blountville","Sullivan","TN","37617",-82.360556,36.56,"Highway",NA,"Mon-Fri 6:30am-4:30pm",260,0,985.15,"985 TPD",985.15,"MSW: 985 TPD",34,"MSW: $34.00 /Ton",197000,2012-07-01,NA,"Private","Advanced Disposal Services, Inc.","AIGH","Mr. Justin Rodda",NA,NA,"P.O. Box 3344","Bristol, TN  37625","(423) 574-1900",NA,NA,"Private","Advanced Disposal Services, Inc.","AIGH","Mr. Justin Rodda",NA,NA,"P.O. Box 3344","Bristol, TN  37625","(423) 574-1900",NA,NA,"MSW",NA
"24","WI0168","LF","LF","Advanced Disposal Cranberry Creek Landfill Inc","02967, 04210","WI-5","2510 Engle Road","Wisconsin Rapids","Wood","WI","54495",-89.870834,44.420834,"Highway, Rail","Regional Waste District","Mon-Fri 6am-4:30pm, Sat 6am-12pm",312,1060,1015.09,"1,015 TPD",654.81,"MSW: 654 TPD",70,"MSW: $70.00 /Ton",2910000,1986-06-15,NA,"Private","Advanced Disposal Services, Inc.","AIGH","Mr. Rick Presser","General Manager",NA,"2510 Engle Road","Wisconsin Rapids, WI  54495","(715) 421-3939","(715) 423-0479","richard.presser@veoliaes.com","Private","Advanced Disposal Services, Inc.","AIGH","Mr. Rick Presser","General Manager",NA,"2510 Engle Road","Wisconsin Rapids, WI  54495","(715) 421-3939","(715) 423-0479","richard.presser@veoliaes.com","Alt. Daily Cover, Animal Waste, Asbestos, Non-Friable Asb., C&D Waste, Cont. Soil, Indust. Waste, Rubble, MSW, Non-haz Ash, Sludge, Sand, Truck Tires, Tires, Appliances","Medical Waste, Yard Waste"
"25","WI0295","LF","LF","Advanced Disposal Emerald Park Landfill Inc","03290","WI-6","W124 S10629 South 124th Street","Muskego","Waukesha","WI","53150",-88.1243,42.9041,"Highway","Regional Waste District","Mon-Fri 7am-4pm, Sat 7am-10:30am",312,340,1681.49,"1,681 TPD",1057.35,"MSW: 1,057 TPD",62.3,"MSW: $62.30 /Ton",6070000,1994-01-01,NA,"Private","Advanced Disposal Services, Inc.","AIGH","Mr. Chris Rooney","Area Manager","Superior Emerald Park Landfill, LLC","W124 S10629, South 124th Street","Muskego, WI  53150","(414) 529-1360","(414) 529-1478","chris.rooney@veoliaes.com","Private","Advanced Disposal Services, Inc.","AIGH","Mr. David Geyer","General Manager","Emerald Park","W124 S10629, South 124th Street","Muskego, WI  53150","(414) 529-1360","(414) 529-1478",NA,"Alt. Daily Cover, Asbestos, Non-Friable Asb., C&D Waste, Carpet Mat., Cont. Soil, Indust. Waste, Rubble, MSW, Non-haz Ash, Sludge, Sand, Wood, Yard Waste",NA
"26","WI0091","LF","LF","Advanced Disposal Glacier Ridge Landfill","03068","WI-7","North 7296 Hwy V","Horicon","Dodge","WI","53032",-88.6306,43.446,"Highway","Regional Waste District","Mon-Fri 6:15am-4:30pm, Summer: Sat 7am-11:30am",260,560,2583.7,"2,583 TPD",1733.91,"MSW: 1,733 TPD",80.42,"MSW: $80.42 /Ton",7080000,1986-11-01,NA,"Private","Advanced Disposal Services, Inc.","AIGH","Mr. Lonn Walter","General Manager",NA,"North 7296 Highway V","Horicon, WI  53032","(920) 387-0987","(920) 387-0999",NA,"Private","Advanced Disposal Services, Inc.","AIGH","Mr. Lonn Walter","General Manager",NA,"North 7296 Highway V","Horicon, WI  53032","(920) 387-0987","(920) 387-0999",NA,"Alt. Daily Cover, Asbestos, Non-Friable Asb., C&D Waste, Carpet Mat., Electronics, Cont. Soil, Indust. Waste, Rubble, MSW, Non-haz Ash, Scrap Paper, Sludge, Sand, Tires, Appliances, Yard Waste",NA
"27","WI0314","LF","LF","Advanced Disposal Hickory Meadows Landfill",NA,"WI-8","W 3105 Schneider Road","Chilton","Calumet","WI","53014",-88.192772,44.106406,"Highway","Regional Waste District","Mon-Fri 6:30am-4pm",260,59,3303.98,"3,303 TPD",1364.19,"CS : 1,364 TPD",72,"CS : $72.00 /Ton",4300000,1999-01-01,NA,"Private","Advanced Disposal Services, Inc.","AIGH","Mr. Brian Hopkins","General Manager","Hickory Meadows Landfill","W3105 Schneider Road","Hilbert, WI  54129","(920) 853-8553","(920) 853-3513","brian.hopkins@veoliaes.com","Private","Advanced Disposal Services, Inc.","AIGH","Mr. Brian Hopkins","General Manager","Hickory Meadows Landfill","W3105 Schneider Road","Hilbert, WI  54129","(920) 853-8553","(920) 853-3513","brian.hopkins@veoliaes.com","Alt. Daily Cover, Non-Friable Asb., C&D Waste, Cont. Soil, Indust. Waste, Rubble, MSW, Non-haz Ash, Scrap Paper, Recyclables, Sludge, Sand, Tires","Yard Waste"
"28","WI0048","LF","LF","Advanced Disposal Mallard Ridge Landfill","03782","WI-9","W8470 State Road 11","Delavan","Walworth","WI","53115",-88.6281,42.6264,"Highway","County/Metro.","Mon-Fri 7am-4pm",260,40,1096.68,"1,096 TPD",883.39,"MSW: 883 TPD",55,"MSW: $55.00 /Ton",3640000,1985-12-30,NA,"Private","Advanced Disposal Services, Inc.","AIGH","Mr. Scott McCracken","General Manager","Mallard Ridge Landfill","W8470 State Road 11","Delavan, WI  53115","(262) 724-3257","(262) 724-5479","scott.mccracken@advanceddisposal.com","Private","Advanced Disposal Services, Inc.","AIGH","Mr. Scott McCracken","General Manager","Mallard Ridge Landfill","W8470 State Road 11","Delavan, WI  53115","(262) 724-3257","(262) 724-5479","scott.mccracken@advanceddisposal.com","Non-Friable Asb., C&D Waste, Carpet Mat., Cont. Soil, Indust. Waste, Rubble, MSW, Non-haz Ash, Sand, Tires, Yard Waste",NA
"29","WI0126","LF","LF","Advanced Disposal Seven Mile Creek Landfill","03097","WI-10","8001 Olson Drive","Eau Claire","Eau Claire","WI","54701",-91.4876,44.7842,"Highway","Regional Waste District","Mon-Fri 7am-4:30pm, Sat 8am-11:30am",312,240,1423.37,"1,423 TPD",976.79,"MSW: 976 TPD",86,"MSW: $86.00 /Ton",4650000,1978-09-30,NA,"Private","Advanced Disposal Services, Inc.","AIGH","Mr. Mark Vinall","District Manager","Seven Mile Creek Landfill","8001 Olson Drive","Eau Claire, WI  54703","(715) 830-0263","(715) 830-0285","mwvinall@veoliaes.com","Private","Advanced Disposal Services, Inc.","AIGH","Mr. Mark Vinall","District Manager","Seven Mile Creek Landfill","8001 Olson Drive","Eau Claire, WI  54703","(715) 830-0263","(715) 830-0285","mwvinall@veoliaes.com","Alt. Daily Cover, Non-Friable Asb., C&D Waste, Cont. Soil, Indust. Waste, Rubble, MSW, Non-haz Ash, Sludge, Sand, Tires, Yard Waste","Appliances"
"30","FL2152","MR","TS","Single Stream Processors, Inc.",NA,"FL-329","698 South Easy Street","Lecanto","Citrus","FL","34461",-82.455161,28.85385,"Highway",NA,"Mon-Fri 8am-5pm",260,0,0,NA,0,NA,0,"REC: No Charge",0,2011-01-17,NA,"Private","F.D.S. Disposal","AIGH","Mr. William Ray",NA,NA,"PO Box 1090","Hernando, FL  34442","(352) 746-0617","(352) 746-5274","fdsdisposalinc@aol.com","Private","Single Stream Processors, Inc.","AIGH","Mr. Ed Shomer",NA,NA,"698 South Easy Street","Lecanto, FL  34461","(352) 586-8472",NA,"sspshomer@gmail.com","Recyclables",NA
"31","GA0526","MR","TS","Forsyth County Material Recycling Facility",NA,"GA-166","5680 Shirlee Industrial Way N","Alpharetta","Fulton","GA","30004",-84.258501,34.147746,"Highway","County/Metro.","Mon-Fri 7am-4:30pm",260,0,100,"100 TPD",100,"REC: 100 TPD",0,"REC: Unknown",0,2012-03-14,NA,"Private","ADS Waste Holdings, Inc.","AIGH",NA,NA,NA,NA,NA,NA,NA,NA,"Private","Advanced Disposal Services, Inc.","AIGH",NA,NA,NA,"5680 Shirlee Industrial Way N","Alpharetta, GA  30004","(678) 710-2075",NA,NA,"Recyclables",NA
"32","MS0469","MR","TS","Sumrall Recycling - Biloxi",NA,"MS-165","14545 Hudson-Krohn Road","Biloxi","Harrison","MS","39532",-88.943433,30.498524,"Highway","County/Metro.","Mon-Fri 6am-2:30pm",260,0,0,NA,0,NA,0,NA,0,NA,NA,"Private","Advanced Disposal Services, Inc.","AIGH","Mr. Tim Selke","Site Manager","Biloxi Transfer Station","14543 Hudson Krohn Road","Biloxi, MS  39532","(228) 328-1820",NA,NA,"Private","Advanced Disposal Services, Inc.","AIGH","Mr. Tim Selke","Site Manager","Biloxi Transfer Station","14543 Hudson Krohn Road","Biloxi, MS  39532","(228) 328-1820","(228) 396-1527",NA,NA,NA
"33","WI0306","MR","TS","Advanced Disposal Central Wisconsin MRF",NA,"WI-45","1620 25th Avenue North","Wisconsin Rapids","Wood","WI","54494",-89.795888,44.392826,"Highway","Exclusive or Captive","Mon-Fri 7:30am-4:30pm (Internal use only)",312,0,30,"30 TPD",30,"REC: 30 TPD",57,"REC: $57.00 /Ton",0,NA,NA,"Private","Advanced Disposal Services, Inc.","AIGH","Mr. Steve Bubert","Area Manager","Advanced Disposal - Wisconsin Rapids","2510 Engle Rd","Wisconsin Rapids, WI  54495","(715) 421-3939","(715) 423-0479","steve.bubert@veoliaes.com","Private","Advanced Disposal Services, Inc.","AIGH","Mr. Rick Presser","General Manager",NA,"2510 Engle Road","Wisconsin Rapids, WI  54495","(715) 421-3939","(715) 423-0479","richard.presser@veoliaes.com","Recyclables",NA
"34","WI0308","MR","TS","Advanced Disposal Chilton Recycling Center",NA,"WI-46","1113 Park Street","Chilton","Calumet","WI","53014",-88.158336,44.020097,"Highway","Exclusive or Captive","Not Open to Public",260,0,9.41,"9 TPD",9.41,"REC: 9 TPD",0,"REC: No Charge",0,NA,NA,"Private","Advanced Disposal Services, Inc.","AIGH","Mr. Brian Hopkins","General Manager","Green Bay Transfer Station","1799 County Trunk PP","De Pere, WI  54115","(920) 983-3341","(920) 983-3348","brian.hopkins@advanceddisposal.com","Private","Advanced Disposal Services, Inc.","AIGH","Mr. Brian Hopkins","General Manager","Green Bay Transfer Station","1799 County Trunk PP","De Pere, WI  54115","(920) 983-3341","(920) 983-3348","brian.hopkins@advanceddisposal.com","Recyclables",NA
"35","WI0299","MR","TS","Advanced Disposal Kenosha Recyclery",NA,"WI-54","5421 46th Street","Kenosha","Kenosha","WI","53144",-87.873877,42.593685,"Highway","Regional Waste District","Mon-Fri 7am-3pm",260,4,42.75,"42 TPD",42.75,"REC: 42 TPD",0,"REC: No Charge",0,1992-09-15,NA,"Private","Advanced Disposal Services, Inc.","AIGH","Mr. Bill Neve","Plant Manager","Kenosha Transfer Station & MRF","5421 46th Street","Kenosha, WI  53144","(262) 652-6967","(262) 652-7106","william.neve@veoliaes.com","Private","Advanced Disposal Services, Inc.","AIGH","Mr. Bill Neve","Plant Manager","Kenosha Transfer Station & MRF","5421 46th Street","Kenosha, WI  53144","(262) 652-6967","(262) 652-7106","william.neve@veoliaes.com","Recyclables",NA
"36","GA0508","MW","TS","Eatonton Transfer Station","PBR-117-09TS","GA-158","170 Imperial Mill Road NW","Eatonton","Putnam","GA","310247323",-83.398496,33.340624,"Highway",NA,"Mon-Fri 8am-3pm",260,0,63,"63 TPD",63,"C&D: 25-100 TPD",45,"C&D: $45.00 /Ton",0,NA,NA,"Private","ADS Waste Holdings, Inc.","AIGH",NA,NA,NA,NA,NA,NA,NA,NA,"Private","Advanced Disposal Services, Inc.","AIGH","Mr. John Hipp",NA,"Eatonton Transfer Station","170 Imperial Mill Road","Eatonton, GA  31024","(706) 485-8575",NA,NA,"C&D Waste",NA
"37","IN0164","MW","TS","Advanced Disposal Blackfoot Resource Recovery","63-06","IN-49","3726 East State Road 64","Winslow","Pike","IN","47598",-87.213419,38.381868,"Highway","County/Metro.","Mon-Fri 7am-5pm, Sat 7am-12pm",312,0,65.93,"65 TPD",61.64,"SP : 61 TPD",60,"SP : $60.00 /Ton",0,NA,NA,"Private","Advanced Disposal Services, Inc.","AIGH","Mr. Charles Johnson","General Manager","Blackfoot Landfill","3726 East State Road 64","Winslow, IN  47598","(812) 789-2647","(812) 789-9490",NA,"Private","ADS Waste Holdings, Inc.","AIGH",NA,NA,NA,NA,NA,"(812) 789-2647",NA,NA,"C&D Waste, Cont. Soil, Indust. Waste, MSW, Special Waste, Yard Waste",NA
"38","IN0330","MW","TS","Earth First Trash/Recycling Services Station","02-12","IN-82","4429 Allen Martin Drive","Fort Wayne","Allen","IN","46806",-85.08142,41.04603,"Highway",NA,"Mon-Fri 8am-4pm, Sat 8am-12pm",312,0,242.63,"242 TPD",149.63,"MSW: 149 TPD",0,"MSW: Unknown",0,2013-04-11,NA,"Private","Earth First Services","AIGH","Mr. Gregg Walbridge","President",NA,"4429 Allen Martin Drive","Fort Wayne, IN  46806","(260) 436-8700","(260) 447-7479","greggw@earthfirstservices.com","Private","Earth First Services","AIGH","Mr. Gregg Walbridge","President",NA,"4429 Allen Martin Drive","Fort Wayne, IN  46806","(260) 436-8700","(260) 447-7479","greggw@earthfirstservices.com","C&D Waste, Indust. Waste, MSW",NA
"39","MD0214","MW","TS","Maryland Transfer Station",NA,"MD-88","13810 Hazmat Drive","Cumberland","Allegany","MD","21502",-78.813926,39.604053,"Highway, Rail",NA,NA,312,0,82.22,"82 TPD",68.51,"MSW: 68 TPD",0,"MSW: Unknown",0,NA,NA,"Private","Advanced Disposal Services, Inc.","AIGH","Mr. Larry Stouffer","Site Supervisor","Maryland Transfer Station","13810 Hazmat Drive","Cumberland, MD  21502","(301) 777-1366","(301) 777-3910","larry.stouffer@advanceddisposal.com","Private","Advanced Disposal Services, Inc.","AIGH","Mr. Larry Stouffer","Site Supervisor","Maryland Transfer Station","13810 Hazmat Drive","Cumberland, MD  21502","(301) 777-1366","(301) 777-3910","larry.stouffer@advanceddisposal.com","C&D Waste, Indust. Waste, Scrap Metal, MSW, Tires",NA
"40","MN0345","MW","TS","St Paul Recycling Transfer Facility","SW-490","MN-227","309 Como Avenue","Saint Paul","Ramsey","MN","55103",-93.113005,44.962665,"Highway","County/Metro.","Mon-Fri 6:30am-5:30pm, Sat 8am-12pm",312,0,262.88,"262 TPD",262.88,"MSW: 262 TPD",115,"MSW: $115.00 /Ton",0,2001-01-15,NA,"Private","Advanced Disposal Services, Inc.","AIGH","Mr. Dave Schneider","General Manager","Vasko Rubbish Removal","309 Como Avenue","Saint Paul, MN  55103","(651) 487-8546","(651) 487-8552","david.schneider@veoliaes.com","Private","Advanced Disposal Services, Inc.","AIGH","Mr. Dave Schneider","General Manager","Vasko Rubbish Removal","309 Como Avenue","Saint Paul, MN  55103","(651) 487-8546","(651) 487-8552","david.schneider@veoliaes.com","C&D Waste, MSW, Recyclables, Appliances",NA
"41","PA0336","MW","TS","Advanced Disposal Brockway Hauling Depot",NA,"PA-64","6330 Route 219","Brockway","Jefferson","PA","15824",-78.769677,41.198827,"Highway","Exclusive or Captive","Not open to outside haulers. For exclusive use of the company",260,0,15.38,"15 TPD",15.38,"REC: 15 TPD",0,"REC: No Charge",0,1976-01-01,NA,"Private","ADS Waste Holdings, Inc.","AIGH",NA,NA,NA,NA,NA,NA,NA,NA,"Private","Advanced Disposal Services, Inc.","AIGH","Mr. Edward Yahner","General Manager","DuBois Brockway","6330 Route 219","Brockway, PA  15824","(814) 265-1975","(814) 265-8743","edward.yahner@veoliaes.com","Recyclables",NA
"42","PA0021","MW","TS","Advanced Disposal McAuliffe Transfer Station","101371","PA-67","4816 Timberline Rd","Walnutport","Northampton","PA","18088",-75.589432,40.781623,"Highway","County/Metro.","Mon-Fri 6:30am-3:30pm",260,0,108.97,"108 TPD",100,"MSW: 100 TPD",100,"MSW: $100.00 /Ton",0,NA,NA,"Private","Advanced Disposal Services, Inc.","AIGH","Mr. Michael Reets","General Manager","McAuliffe Transfer Station","4816 Timberline Rd, PO Box 59","Walnutport, PA  18088","(610) 366-7356","(610) 767-1913","esaxton@iswaste.com","Private","Advanced Disposal Services, Inc.","AIGH","Mr. Michael Reets","General Manager","McAuliffe Transfer Station","4816 Timberline Rd, PO Box 59","Walnutport, PA  18088","(610) 366-7356","(610) 767-1913","esaxton@iswaste.com","C&D Waste, MSW, Recyclables, Yard Waste","Non-Friable Asb., Electronics, Sludge, Tires"
"43","PA0320","MW","TS","Champion Recycling Transfer Station","101659","PA-90","575 Trestle Place","Downingtown","Chester","PA","19335",-75.698462,39.997786,"Highway",NA,"Mon-Fri 7am-4pm",260,0,300,"300 TPD",300,"C&D: 100-500 TPD",120,"C&D: $120.00 /Ton",0,2001-05-23,NA,"Private","ADS Waste Holdings, Inc.","AIGH",NA,NA,NA,NA,NA,NA,NA,NA,"Private","Advanced Disposal","AIGH","Mr. Jim Myers","General Manager",NA,"565 Trestle Place","Downingtown, PA  19335","(610) 873-4020",NA,NA,"C&D Waste","Food Waste, MSW, Tires, Freon Appl."
"44","WI0296","MW","TS","Advanced Disposal Eau Claire Transfer & Recovery","03670","WI-47","2626 Mondovi Road","Eau Claire","Eau Claire","WI","54702",-91.521487,44.79081,"Highway","Regional Waste District","Mon-Fri 7am-4:30pm, Sat 8am-11:30am",72,0,63,"63 TPD",63,"REC: 25-100 TPD",66.63,"REC: $66.63 /Ton",0,NA,NA,"Private","Advanced Disposal Services, Inc.","AIGH","Mr. Mark Vinall","General Manager","Eau Claire Transfer Station","2626 Mondovi Road","Eau Claire, WI  54701","(715) 839-9553","(715) 839-7353","mark.vinall@advanceddisposal.com","Private","Advanced Disposal Services, Inc.","AIGH","Mr. Mark Vinall","General Manager","Eau Claire Transfer Station","2626 Mondovi Road","Eau Claire, WI  54701","(715) 839-9553","(715) 839-7353","mark.vinall@advanceddisposal.com","Recyclables","MSW"
"45","WI0310","MW","TS","Advanced Disposal Fort Atkinson Transfer","10001","WI-48","1215 Klement Street","Fort Atkinson","Jefferson","WI","53538",-88.853238,42.913415,"Highway","Regional Waste District","Mon-Fri 8am-4pm",260,1,50,"50 TPD",50,"MSW: 50 TPD",65,"MSW: $65.00 /Ton",0,1986-07-15,NA,"Private","Advanced Disposal Services, Inc.","AIGH","Mr. Michael A. Lange","General Manager","Fort Atkinson-Southeastern Wisconsin","1215 Klement Street","Fort Atkinson, WI  53538","(920) 563-4505","(920) 563-8829","michael.lange@advanceddisposal.com","Private","Advanced Disposal Services, Inc.","AIGH","Mr. Michael A. Lange","General Manager","Fort Atkinson-Southeastern Wisconsin","1215 Klement Street","Fort Atkinson, WI  53538","(920) 563-4505","(920) 563-8829","michael.lange@advanceddisposal.com","C&D Waste, MSW, Recyclables, Tires","Yard Waste"
"46","WI0512","MW","TS","Advanced Disposal Green Valley Disposal","03885","WI-51","300 Raemisch Road","Waunakee","Dane","WI","53597",-89.43768,43.186233,"Highway",NA,"Mon-Fri 6am-4:30pm",260,0,140,"140 TPD",77,"REC: 77 TPD",56,"REC: $56.00 /Ton",0,1992-01-01,NA,"Private","Advanced Disposal Services, Inc.","AIGH","Mr. George DeVries","Area Manager","Waunakee Transfer Station","300 Raemisch Road","Waunakee, WI  53597","(608) 251-7878","(608) 849-7808","george.devries@veoliaes.com","Private","Advanced Disposal Services, Inc.","AIGH","Mr. George DeVries","Area Manager","Waunakee Transfer Station","300 Raemisch Road","Waunakee, WI  53597","(608) 251-7878","(608) 849-7808","george.devries@veoliaes.com","MSW, Recyclables","Tires, Yard Waste"
"47","WI0289","MW","TS","Advanced Disposal Horicon Transfer Station",NA,"WI-53","North 7296 Hwy V","Horicon","Dodge","WI","53032",-88.559817,43.457058,"Highway","County/Metro.","Mon-Fri 6:15am-4:30pm, Sat 7am-11:30am",312,90,63,"63 TPD",63,"MSW: 25-100 TPD",64.66,"MSW: $64.66 /Ton",0,1995-01-01,NA,"Private","Advanced Disposal Services, Inc.","AIGH","Mr. Lonn Walter","General Manager",NA,"North 7296 Highway V","Horicon, WI  53032","(920) 387-0987","(920) 387-0999",NA,"Private","Advanced Disposal Services, Inc.","AIGH","Mr. Lonn Walter","General Manager",NA,"North 7296 Highway V","Horicon, WI  53032","(920) 387-0987","(920) 387-0999",NA,"C&D Waste, MSW, Recyclables, Yard Waste",NA
"48","WI0270","MW","TS","Advanced Disposal Marshfield Transfer Station","03169","WI-55","501 South Hume","Marshfield","Wood","WI","54449",-90.14976,44.654269,"Highway","County/Metro.","Mon-Fri 7am-3pm, Sat 7am-12pm",312,15,190,"190 TPD",160,"MSW: 160 TPD",89.29,"MSW: $89.29 /Ton",0,1993-01-15,NA,"Private","Advanced Disposal Services, Inc.","AIGH","Mr. Rick Presser","General Manager",NA,"2510 Engle Road","Wisconsin Rapids, WI  54495","(715) 421-3939","(715) 423-0479","richard.presser@veoliaes.com","Private","Advanced Disposal Services, Inc.","AIGH","Ms. Melissa Brock","Operations Manager","Marshfield Transfer Station","501 S Hume Ave","Marshfield, WI  54449","(715) 421-3939","(715) 423-0479","melissa.brock@advanceddisposal.com","C&D Waste, MSW, Recyclables, Truck Tires, Tires, Yard Waste",NA
"49","WI0269","MW","TS","Advanced Disposal Medford Transfer Station","03077","WI-56","645 Jensen Drive","Medford","Taylor","WI","54451",-90.35792,45.125146,"Highway","County/Metro.","Mon-Fri 9am-3pm, 2nd & 4th Sat 9am-12pm",312,5,26,"26 TPD",20,"MSW: 20 TPD",99,"MSW: $99.00 /Ton",0,1986-12-12,NA,"Private","Advanced Disposal Services, Inc.","AIGH","Mr. Rick Presser","General Manager",NA,"2510 Engle Road","Wisconsin Rapids, WI  54495","(715) 421-3939","(715) 423-0479","richard.presser@veoliaes.com","Private","Advanced Disposal Services, Inc.","AIGH","Ms. Melissa Brock","Operations Manager","Medford Transfer Station","647 Jensen Dr","Wisconsin Rapids, WI  54495","(715) 384-4805","(715) 384-3445","melissa.brock@veoliaes.com","C&D Waste, MSW, Recyclables, Tires, Appliances",NA
"50","WI0311","MW","TS","Advanced Disposal Midwest LLC Transfer Station","03926","WI-57","N2037 County Hwy H","Lake Geneva","Walworth","WI","53147",-88.410375,42.558874,"Highway","Regional Waste District","Mon-Fri 7am-5pm, Sat 8am-12pm",312,1,214,"214 TPD",190,"MSW: 190 TPD",43,"MSW: $43.00 /Ton",0,1996-10-01,NA,"Private","Advanced Disposal Services, Inc.","AIGH","Mr. Michael A. Lange","General Manager","Fort Atkinson-Southeastern Wisconsin","1215 Klement Street","Fort Atkinson, WI  53538","(920) 563-4505","(920) 563-8829","michael.lange@advanceddisposal.com","Private","Advanced Disposal Services, Inc.","AIGH","Mr. Dan Christensen",NA,"Dan Christensen, General Mgr","1215 Klament Street","Fort Atkinson, WI  53538","(920) 568-2519","(414) 249-9954","daniel.christensen@advanceddisposal.com","C&D Waste, Indust. Waste, MSW, Recyclables, Yard Waste",NA
"51","WI0309","MW","TS","Advanced Disposal Omro Transfer Station","03737","WI-59","250 Adler Avenue (off 21)","Omro","Winnebago","WI","54963",-88.719422,44.037255,"Highway","Regional Waste District","Mon-Fri 7am-4pm",260,0,100,"100 TPD",100,"MSW: 100 TPD",52,"MSW: $52.00 /Ton",0,1992-05-15,NA,"Private","Advanced Disposal Services, Inc.","AIGH","Mr. Dave Tellock","General Manager",NA,"250 Adler Avenue","Omro, WI  54963","(920) 685-6666","(920) 685-6715",NA,"Private","Advanced Disposal Services, Inc.","AIGH","Mr. Dave Tellock","General Manager",NA,"250 Adler Avenue","Omro, WI  54963","(920) 685-6666","(920) 685-6715",NA,"C&D Waste, MSW, Truck Tires, Tires, Appliances",NA
"52","WI0266","MW","TS","Advanced Disposal Sheboygan Transfer","03055","WI-61","2905 Paine Avenue","Sheboygan","Sheboygan","WI","530821249",-87.746395,43.72468,"Highway","County/Metro.","Mon-Fri 7am-4pm, Sat 8am-11:30am",312,3,400,"400 TPD",400,"MSW: 400 TPD",70,"MSW: $70.00 /Ton",0,1985-05-15,NA,"Private","Advanced Disposal Services, Inc.","AIGH","Mr. John Roenitz","General Manager","Sheboygan Area Transfer Station","2905 Paine Avenue, PO Box 1249","Sheboygan, WI  53081","(920) 458-6030","(920) 452-7254","john.roenitz@veoliaes.com","Private","Advanced Disposal Services, Inc.","AIGH","Mr. John Roenitz","General Manager","Sheboygan Area Transfer Station","2905 Paine Avenue, PO Box 1249","Sheboygan, WI  53081","(920) 458-6030","(920) 452-7254","john.roenitz@veoliaes.com","C&D Waste, Indust. Waste, MSW, Tires, Yard Waste",NA
"53","WI0507","MW","TS","Advanced Disposal Wausau Transfer Station",NA,"WI-62","5509 Fuller Street","Wausau","Marathon","WI","54476",-89.547326,44.906529,"Highway",NA,"Mon-Thu 8am-4pm, Fri 8am-3:30pm",260,0,300,"300 TPD",300,"MSW: 100-500 TPD",49,"MSW: $49.00 /Ton",0,NA,NA,"Private","Advanced Disposal Services, Inc.","AIGH","Mr. Todd Mitchell","General Manager",NA,"5509 Fuller Street","Schofield, WI  54476","(715) 359-6637","(715) 359-2123","todd.mitchell@veoliaes.com","Private","Advanced Disposal Services, Inc.","AIGH","Mr. Todd Mitchell","General Manager",NA,"5509 Fuller Street","Schofield, WI  54476","(715) 359-6637","(715) 359-2123","todd.mitchell@veoliaes.com","C&D Waste, MSW, Truck Tires, Tires","Yard Waste"
"54","AL0360","TS","TS","Central Alabama Transfer Station",NA,"AL-131","2141 Hunter Loop Road","Montgomery","Montgomery","AL","36108",-86.083703,32.670596,"Highway","County/Metro. Exclusive","Mon-Fri 7am-5pm",260,0,300,"300 TPD",300,"MSW: 100-500 TPD",46,"MSW: $46.00 /Ton",0,1994-01-01,NA,"Private","ADS Waste Holdings, Inc.","AIGH",NA,NA,NA,NA,NA,NA,NA,NA,"Private","Advanced Disposal Services, Inc.","AIGH","Mr. Herman Kitchens",NA,"Central Alabama Transfer Station","2141 Hunter Loop Road","Montgomery, AL  36108","(334) 265-6596","(334) 265-6599","herman.kitchens@advanceddisposal.com","Indust. Waste, MSW, Recyclables, Yard Waste","Non-Friable Asb., C&D Waste, Cont. Soil, Rubble, Tires"
"55","AL0487","TS","TS","East Alabama Transfer Station",NA,"AL-135","2100 Popular Street","Opelika","Lee","AL","36801",-85.37745,32.628106,"Highway",NA,"Mon-Fri 5am-4:30pm, Sat 6am-3pm",312,0,300,"300 TPD",300,"MSW: 100-500 TPD",47,"MSW: $47.00 /Ton",0,NA,NA,"Private","Advanced Disposal Services, Inc.","AIGH","Mr. Herman Kitchens",NA,"East Alabama Transfer Station","2100 Popular Street","Opelika, AL  36801","(334) 364-0028","(334) 749-1514","herman.kitchens@advanceddisposal.com","Private","Advanced Disposal Services, Inc.","AIGH","Mr. Herman Kitchens",NA,"East Alabama Transfer Station","2100 Popular Street","Opelika, AL  36801","(334) 364-0028","(334) 749-1514","herman.kitchens@advanceddisposal.com","C&D Waste, MSW, Yard Waste","Tires"
"56","AL0481","TS","TS","Linden Transfer Station",NA,"AL-147","400 Industrial Drive, 1119 Lucas Street","Linden","Marengo","AL","36748",-87.787916,32.290785,"Highway",NA,"Mon-Fri 7am-4:30pm",260,0,300,"300 TPD",300,"MSW: 100-500 TPD",58,"MSW: $58.00 /Ton",0,2011-01-31,NA,"Private","ADS Waste Holdings, Inc.","AIGH",NA,NA,NA,NA,NA,NA,NA,NA,"Private","Advanced Disposal Services, Inc.","AIGH","Ms. Tammy Donald","General Manager",NA,"400 Industrial Drive","Linden, AL  36748","(334) 295-8800","(334) 295-8020","esankey@advanceddisposal.com","C&D Waste, MSW",NA
"57","AL0488","TS","TS","Mobile Transfer Station",NA,"AL-153","5740 Carole Plantation Road","Theodore","Mobile","AL","36582",-88.18386,30.572202,"Highway",NA,"Mon-Fri 6:30am-4:30pm",260,0,63,"63 TPD",63,"MSW: 25-100 TPD",75,"MSW: $75.00 /Ton",0,NA,NA,"Private","ADS Waste Holdings, Inc.","AIGH",NA,NA,NA,NA,NA,NA,NA,NA,"Private","Advanced Disposal Services, Inc.","AIGH",NA,NA,"Mobile Transfer Station","5740 Carole Plantation Road","Theodore, AL  36582","(251) 443-8555",NA,NA,"MSW",NA
"58","AL0330","TS","TS","Selma Transfer Station",NA,"AL-160","1478 Highway 41 South","Selma","Dallas","AL","36701",-87.000551,32.347558,"Highway","County/Metro.","Mon-Fri 7am-4pm, Sat 7am-12pm",312,0,100,"100 TPD",100,"MSW: 100 TPD",46,"MSW: $46.00 /Ton",0,1985-06-01,NA,"Private","ADS Waste Holdings, Inc.","AIGH",NA,NA,NA,NA,NA,NA,NA,NA,"Private","Advanced Disposal Services, Inc.","AIGH","Mr. Herman Kitchens","Landfill General Manager","Selma Transfer Station","1478 Highway 41 South","Selma, AL  36701","(334) 875-5575","(334) 875-4951","hkitchens@advanceddisposal.com","C&D Waste, MSW, Tires, Yard Waste","Cont. Soil"
"59","FL0781","TS","TS","Ocala Transfer Station",NA,"FL-272","5111 South Pine Avenue","Ocala","Marion","FL","34471",-82.115384,29.14723,"Highway","County/Metro.","Mon-Fri 5am-5pm, Sat 5am-12pm",312,0,484,"484 TPD",484,"MSW: 484 TPD",44.5,"MSW: $44.50 /Ton",0,1996-01-01,NA,"Private","Advanced Disposal Services, Inc.","AIGH","Mr. Bill Stubblebine","Area Manager",NA,"7424 N.E. 33rd Court","Ocala, FL  34479","(352) 629-3500","(352) 629-8926",NA,"Private","Advanced Disposal Services, Inc.","AIGH","Mr. Bill Stubblebine","General Manager","Ocala Transfer Station","5111 South Pine Avenue","Ocala, FL  34480","(352) 351-8886","(352) 351-8812",NA,"MSW","C&D Waste, Yard Waste"
"60","GA0582","TS","TS","Advanced Disposal - Albany","PBR-047-24TS, PBR-047-32TS","GA-103","1515 Pecan Lane, (1532 South Mock Road)","Albany","Dougherty","GA","31705",-84.097249,31.540113,"Highway",NA,"Mon-Fri 8am-5pm",260,0,63,"63 TPD",63,"MSW: 25-100 TPD",55.7,"MSW: $55.70 /Ton",0,NA,NA,"Private","ADS Waste Holdings, Inc.","AIGH",NA,NA,NA,NA,NA,NA,NA,NA,"Private","Advanced Disposal","AIGH",NA,NA,"Albany Transfer Station","1515 Pecan Lane, (1532 South Mock Road)","Albany, GA  31705","(229) 432-0760","(229) 432-5311","dstokes@advanceddisposal.com","C&D Waste, MSW","Tires"
"61","GA0315","TS","TS","Advanced Disposal Columbus Transfer Station","PBR-106-14TS","GA-104","2015 Veterans Parkway","Columbus","Muscogee","GA","31829",-84.987798,32.483274,"Highway","County/Metro.","Mon-Fri 8am-4:30pm",260,0,350.1,"350 TPD",350,"MSW: 350 TPD",42,"MSW: $42.00 /Ton",0,NA,NA,"Private","Advanced Disposal Services, Inc.","AIGH","Mr. Jimmy Hunt","General Manager","Transfer Station","2015 Veterans Parkway","Columbus, GA  31829","(706) 327-4889",NA,NA,"Private","Advanced Disposal Services, Inc.","AIGH","Mr. Jimmy Hunt","General Manager","Transfer Station","2015 Veterans Parkway","Columbus, GA  31829","(706) 327-4889",NA,NA,"C&D Waste, Rubble, MSW, Sludge, Yard Waste",NA
"62","GA0464","TS","TS","Advanced Disposal Fitzgerald Transfer Station","PBR-009-05TS, PBR-009-10TS","GA-105","544 Camp Brooklyn Road","Fitzgerald","Ben Hill","GA","31750",-83.195504,31.747219,"Highway","County/Metro. Exclusive","Mon-Fri 8am-5pm",260,8,63,"63 TPD",63,"MSW: 25-100 TPD",50,"MSW: $50.00 /Ton",0,2003-06-30,NA,"Private","Advanced Disposal Services, Inc.","AIGH","Mr. Neil Poole","General Manager","Fitzgerald/Ben Hill Landfill","544 Camp Brooklyn Road","Fitzgerald, GA  31750","(229) 426-5075","(229) 426-5076","landfill@alltel.net","Private","Advanced Disposal Services, Inc.","AIGH","Mr. Neil Poole","General Manager","Fitzgerald/Ben Hill Landfill","544 Camp Brooklyn Road","Fitzgerald, GA  31750","(229) 426-5075","(229) 426-5076","landfill@alltel.net","C&D Waste, Indust. Waste, MSW, Yard Waste",NA
"63","GA0495","TS","TS","Blue Ridge Transfer Station","PBR-055-15TS","GA-118","10169 Lakewood Highway","Mineral Bluff","Fannin","GA","30559",-84.263752,34.897767,"Highway",NA,"Mon-Fri 7:30am-4:30pm",260,0,12.5,"12 TPD",12.5,"MSW: Less than 25 TPD",49,"MSW: $49.00 /Ton",0,2008-10-27,NA,"Private","Advanced Disposal Services, Inc.","AIGH","Mr. Charles N. Gray","Regional Vice President",NA,"10169 Lakewood Highway","Mineral Bluff, GA  30559","(706) 632-2110",NA,NA,"Private","Advanced Disposal Services, Inc.","AIGH","Mr. Bobby Bright","Site Manager","Blue Ridge Transfer Station","10169 Lakewood Hwy.","Mineral Bluff, GA  30559","(706) 632-6519",NA,NA,"MSW, Appliances",NA
"64","GA0528","TS","TS","Carey Station Transfer Station","PBR-066-011TS","GA-127","2870 Carey Station Road","Greensboro","Greene","GA","30642",-83.256991,33.539749,"Highway","Exclusive or Captive","Private Accounts Only (24/7)",260,0,63,"63 TPD",63,"MSW: 25-100 TPD",44,"MSW: $44.00 /Ton",0,NA,NA,"Private","Advanced Disposal Services, Inc.","AIGH","Mr. Jared Lovett","District Manager","Carey Station Transfer Station","2870 Carey Station Road","Greensboro, GA  30642","(478) 453-4435",NA,"jlovett@advanceddisposal.com","Private","Advanced Disposal Services, Inc.","AIGH","Mr. Mike Cavan","General Manager","Carey Station Transfer Station","2870 Carey Station Road","Greensboro, GA  30642","(478) 453-4435",NA,"michael.cavan@advanceddisposal.com","MSW",NA
"65","GA0497","TS","TS","Cartersville Transfer Station","PBR-008-24COL,TS","GA-130","125 Riverside Drive","Cartersville","Bartow","GA","30120",-84.847187,34.143295,"Highway",NA,"Mon-Fri 7am-4pm",260,0,300,"300 TPD",300,"MSW: 100-500 TPD",38,"MSW: $38.00 /Ton",0,NA,NA,"Private","Advanced Disposal Services, Inc.","AIGH","Mr. Charles N. Gray","Regional Vice President",NA,"10169 Lakewood Highway","Mineral Bluff, GA  30559","(706) 632-2110",NA,NA,"Private","Advanced Disposal Services, Inc.","AIGH",NA,NA,"Riverside Transfer Station","125 Riverside Drive","Cartersville, GA  30120","(678) 792-7000","(678) 792-7011",NA,"C&D Waste, MSW",NA
"66","GA0529","TS","TS","Central Gwinnett Transfer Station","PBR-067-787TS","GA-132","535 Seaboard Industrial Drive","Lawrenceville","Gwinnett","GA","30045",-83.969402,33.969101,"Highway",NA,"Mon-Fri 6:30am-3:30pm",260,0,63,"63 TPD",63,"MSW: 25-100 TPD",48.86,"MSW: $48.86 /Ton",0,NA,NA,"Private","ADS Waste Holdings, Inc.","AIGH",NA,NA,NA,NA,NA,NA,NA,NA,"Private","Advanced Disposal Services, Inc.","AIGH",NA,NA,"Central Gwinnett Transfer Station","535 Seaboard Industrial Drive","Lawrenceville, GA  30045","(770) 237-8477",NA,NA,"C&D Waste, MSW",NA
"67","GA0522","TS","TS","Columbia Road Transfer Station","PBR-036-19C0,TS","GA-143","5734 Columbia Road","Grovetown","Columbia","GA","308135114",-82.245299,33.518642,"Highway",NA,"Mon-Fri 8am-5pm, Sat 7am-1pm",312,0,63,"63 TPD",63,"MSW: 25-100 TPD",40.5,"MSW: $40.50 /Ton",0,NA,NA,"Private","Advanced Disposal Services Augusta, LLC","AIGH","V Forrester",NA,NA,"1799 Marvin Griffin Road","Augusta, GA  30906","(706) 790-7920","(706) 560-6382","vforrester@advanceddisposal.com","Private","Advanced Disposal Services Augusta, LLC","AIGH","Mr. John Gordon","Site Manager","Columbia Road Transfer Station","5734 Columbia Rd","Grovetown, GA  30813","(706) 447-3914",NA,NA,"C&D Waste, MSW","Non-Friable Asb., Medical Waste, Tires"
"68","GA0498","TS","TS","Doraville C&D Transfer Station","PBR-044-146TS","GA-155","2784 Woodwin Road","Atlanta","Dekalb","GA","30360",-84.274568,33.917831,"Highway",NA,"Mon-Fri 5am-5pm, Sat 5am-12pm",312,0,63,"63 TPD",63,"MSW: 25-100 TPD",39.19,"MSW: $39.19 /Ton",0,NA,NA,"Private","Advanced Disposal Services, Inc.","AIGH","Mr. Charles N. Gray","Regional Vice President",NA,"10169 Lakewood Highway","Mineral Bluff, GA  30559","(706) 632-2110",NA,NA,"Private","ADS Waste Holdings, Inc.","AIGH",NA,NA,NA,NA,NA,"(770) 451-4300","(770) 451-2355",NA,"C&D Waste, MSW",NA
"69","GA0496","TS","TS","Ellijay Transfer Station","PBR-061-03TS","GA-161","114 Progress Road","Ellijay","Gilmer","GA","30540",-84.499583,34.664522,"Highway",NA,"Mon-Fri 8am-4pm",260,0,63,"63 TPD",63,"MSW: 25-100 TPD",49,"MSW: $49.00 /Ton",0,NA,NA,"Private","Advanced Disposal Services, Inc.","AIGH","Mr. Charles N. Gray","Regional Vice President",NA,"10169 Lakewood Highway","Mineral Bluff, GA  30559","(706) 632-2110",NA,NA,"Private","Advanced Disposal Services, Inc.","AIGH","Ms. Judy Paine","Manager","Ellijay Transfer Station","114 Progress Road","Ellijay, GA  30540","(706) 635-6519","(706) 632-3347","modekirk@advanceddisposal.com","C&D Waste, MSW","Tires"
"70","GA0499","TS","TS","Hall County Transfer Station","PBR-069-49TS","GA-175","1 Ruby St","Gainesville","Hall","GA","30501",-83.83955,34.26982,"Highway",NA,"Mon-Fri 5:30am-4pm, Sat 7am-12pm",312,0,0,NA,0,NA,0,NA,0,2008-12-16,NA,"Private","Advanced Disposal Services, Inc.","AIGH","Mr. Charles N. Gray","Regional Vice President",NA,"10169 Lakewood Highway","Mineral Bluff, GA  30559","(706) 632-2110",NA,NA,"Private","ADS Waste Holdings, Inc.","AIGH",NA,NA,NA,NA,NA,NA,NA,NA,NA,NA
"71","GA0530","TS","TS","Hurst Road Transfer Station","PBR-150-06TS","GA-181","305 McNeely Lane","Tennille","Washington","GA","31089",-82.840783,32.83125,"Highway","Exclusive or Captive","For the exclusive use by the company",260,0,63,"63 TPD",63,"MSW: 25-100 TPD",45,"MSW: $45.00 /Ton",0,NA,NA,"Private","Advanced Disposal Services, Inc.","AIGH","Mr. Jared Lovett","District Manager","Carey Station Transfer Station","2870 Carey Station Road","Greensboro, GA  30642","(478) 453-4435",NA,"jlovett@advanceddisposal.com","Private","Advanced Disposal Services, Inc.","AIGH","Mr. Mike Cavan","General Manager","Hurst Road Transfer Station","305 McNeely Lane","Tennille, GA  31089","(478) 453-4435",NA,"michael.cavan@advanceddisposal.com","MSW",NA
"72","GA0531","TS","TS","Jackson Transfer Station","PBR-018-08TS","GA-183","120 Rodeo Drive","Jackson","Butts","GA","30233",-83.928852,33.286849,"Highway",NA,"Mon-Thu 6am-5pm, Fri 6am-4pm",260,0,63,"63 TPD",63,"MSW: 25-100 TPD",40,"MSW: $40.00 /Ton",0,NA,NA,"Private","ADS Waste Holdings, Inc.","AIGH",NA,NA,NA,NA,NA,NA,NA,NA,"Private","Advanced Disposal Services, Inc.","AIGH","Mr. Jason Spicer","Operations Manager","Jackson Transfer Station","120 Rodeo Drive","Jackson, GA  30233","(770) 775-1001",NA,NA,"MSW",NA
"73","GA0533","TS","TS","Madison Transfer Station",NA,"GA-196","1240 Lions Club Road","Madison","Morgan","GA","30650",-83.48827,33.564729,"Highway",NA,"Mon-Fri 7am-5pm",260,0,63,"63 TPD",63,"MSW: 25-100 TPD",37,"MSW: $37.00 /Ton",0,NA,NA,"Private","ADS Waste Holdings, Inc.","AIGH",NA,NA,NA,NA,NA,NA,NA,NA,"Private","Advanced Disposal Services, Inc.","AIGH",NA,NA,"Madison Transfer Station","1240 Lions Club Road","Madison, GA  30650","(706) 342-8900",NA,NA,"MSW",NA
"74","GA0341","TS","TS","Middle Georgia Transfer Station","PBR-005-12TS","GA-204","154 Dundee Drive","Milledgeville","Baldwin","GA","31061",-83.207549,33.118687,"Highway","County/Metro.","Mon-Fri 8am-5pm",260,10,0,NA,0,NA,52.1,"MSW: $52.10 /Ton",0,NA,NA,"Private","Advanced Disposal Services, Inc.","AIGH","Mr. Mike Cavan","General Manager",NA,"154 Dundee Drive","Milledgeville, GA  31061","(478) 453-4435",NA,"michael.cavan@advanceddisposal.com","Private","Advanced Disposal Services, Inc.","AIGH","Mr. Mike Cavan","General Manager",NA,"154 Dundee Drive","Milledgeville, GA  31061","(478) 453-4435",NA,"michael.cavan@advanceddisposal.com","C&D Waste, Indust. Waste, MSW, Yard Waste","Non-Friable Asb., Tires"
"75","GA0445","TS","TS","Smyrna Transfer Station","PBR-033-61TS","GA-231","4696 S Cobb Dr SE","Smyrna","Cobb","GA","300806952",-84.495467,33.839171,"Highway",NA,"Mon-Fri 7am-4pm",260,0,300,"300 TPD",300,"MSW: 100-500 TPD",42.6,"MSW: $42.60 /Ton",0,NA,NA,"Private","Advanced Disposal Services, Inc.","AIGH","Mr. Brett Shows","General Manager",NA,"4696 S Cobb Dr SE","Smyrna, GA  30080-6952","(770) 436-6126",NA,NA,"Private","Advanced Disposal Services, Inc.","AIGH","Mr. Brett Shows","General Manager",NA,"4696 S Cobb Dr SE","Smyrna, GA  30080-6952","(770) 436-6126","(770) 436-3373",NA,"C&D Waste, MSW",NA
"76","GA0375","TS","TS","Union County Transfer Station","PBR-144-20TS","GA-247","1226 Deep South Farm Road","Blairsville","Union","GA","30512",-83.958323,34.893752,"Highway","County/Metro. Exclusive","Mon-Fri 7am-4pm, Sat 7am-12pm",312,0,18,"18 TPD",18,"MSW: 18 TPD",46,"MSW: $46.00 /Ton",0,1997-03-18,NA,"Private","Union County","AIGH","Mr. Lynn Holbrooks","Manager","Transfer Station","114 Courthouse Road, Bos 1","Blairsville, GA  30512","(706) 745-1409",NA,NA,"Private","Advanced Disposal Services, Inc.","AIGH","Mr. Charles N. Gray","Regional Vice President",NA,"10169 Lakewood Highway","Mineral Bluff, GA  30559","(706) 632-2110","(706) 835-2865",NA,"C&D Waste, MSW, Yard Waste",NA
"77","GA0444","TS","TS","Welcome All Transfer Station","PBR-060-216TS","GA-254","5225 Welcome All Road","College Park","Fulton","GA","30349",-84.526043,33.613167,"Highway",NA,"Mon-Fri 12am-4:30pm, Sat 3am-12pm",312,0,0,NA,0,NA,32,"MSW: $32.00 /Ton",0,NA,NA,"Private","Advanced Disposal Services, Inc.","AIGH","Mr. Charles N. Gray","Regional Vice President",NA,"10169 Lakewood Highway","Mineral Bluff, GA  30559","(706) 632-2110",NA,NA,"Private","Advanced Disposal Services, Inc.","AIGH","Mr. Gerald Allen",NA,"Welcome All Transfer Station","5225 Welcome All Road","Atlanta, GA  30349","(404) 761-7790","(404) 763-4001","gallen@eaglepointlandfill.com","MSW",NA
"78","GA0534","TS","TS","White County Transfer Station","PBR-154-03TS","GA-257","670 Industrial Blvd.","Cleveland","White","GA","305286733",-83.742728,34.521797,"Highway",NA,"Mon-Fri 9am-4:45pm, Sat 9am-3:45pm",312,0,0,NA,0,NA,0,NA,0,NA,NA,"Private","ADS Waste Holdings, Inc.","AIGH",NA,NA,NA,NA,NA,NA,NA,NA,"Private","Advanced Disposal Services, Inc.","AIGH",NA,NA,"White County Transfer Station","670 Industrial Blvd.","Cleveland, GA  30528-6733","(706) 865-3716",NA,"bbright@advanceddisposal.com",NA,NA
"79","IL0427","TS","TS","Advanced Disposal Batavia Transfer",NA,"IL-44","766 Hunter Drive","Batavia","Kane","IL","60510",-88.2747,41.86161,"Highway",NA,"Mon-Fri 6am-5pm, Sat 6am-10am",312,0,300,"300 TPD",300,"MSW: 100-500 TPD",61,"MSW: $61.00 /Ton",0,NA,NA,"Private","Advanced Disposal Services, Inc.","AIGH","Mr. Tom Maher","General Manager","Batavia Transfer Station","766 Hunter Drive","Batavia, IL  60510","(630) 879-3587","(630) 879-3651",NA,"Private","Advanced Disposal Services, Inc.","AIGH","Mr. Tom Maher","General Manager","Batavia Transfer Station","766 Hunter Drive","Batavia, IL  60510","(630) 879-3587","(630) 879-3651",NA,"C&D Waste, MSW",NA
"80","IL0467","TS","TS","Advanced Disposal Charleston Transfer Station","0298050007","IL-45","6111 West State Street","Charleston","Coles","IL","61920",-88.176,39.4875,"Highway, Waterway","County/Metro.","Mon-Fri 7am-3pm",260,0,300,"300 TPD",300,"MSW: 100-500 TPD",62.31,"MSW: $62.31 /Ton",0,2009-04-30,NA,"Private","Advanced Disposal Services, Inc.","AIGH","Mr. Chris Rooney","Area Manager",NA,"6111 West State Street","Charleston, IL  61920","(217) 345-7414",NA,"chris.rooney@veoliaes.com","Private","Advanced Disposal Services, Inc.","AIGH","Mr. Chris Rooney","Area Manager",NA,"6111 West State Street","Charleston, IL  61920","(217) 345-7414","(217) 345-7441","chris.rooney@veoliaes.com","C&D Waste, MSW","Recyclables, Sludge, Tires"
"81","IL0163","TS","TS","Advanced Disposal Evanston Transfer Station","0310810003/1984-002-DE/OP","IL-46","1711 Lyons Street","Evanston","Cook","IL","60201",-87.696761,42.050229,"Highway","County/Metro.","Mon-Fri 6:30am-3:30pm, Sat 6:30am-11am",312,2,578.78,"578 TPD",578.78,"MSW: 578 TPD",72.75,"MSW: $72.75 /Ton",0,1984-04-15,NA,"Private","Advanced Disposal Services, Inc.","AIGH","Mr. Brian Strong","General Manager","Evanston Transfer Station","1711 Lyons Street","Evanston, IL  60201","(847) 328-3427","(847) 272-9610",NA,"Private","Advanced Disposal Services, Inc.","AIGH","Mr. Brian Strong","General Manager","Evanston Transfer Station","1711 Lyons Street","Evanston, IL  60201","(847) 328-3427","(847) 272-9610",NA,"C&D Waste, MSW","Tires, Appliances, Yard Waste"
"82","IL0289","TS","TS","Advanced Disposal Melrose Park Transfer Station","0311865042","IL-47","4612 West Lake Street","Melrose Park","Cook","IL","60160",-87.882061,41.89693,"Highway","County/Metro. Exclusive","Mon-Fri 5am-5pm, Sat 6am-11am",312,4,300,"300 TPD",300,"MSW: 100-500 TPD",65,"MSW: $65.00 /Ton",0,1998-02-26,NA,"Private","Advanced Disposal Services, Inc.","AIGH","Mr. Anthony Coco",NA,"Melrose Park Transfer Station","4700 West Lake Strett","Melrose Park, IL  60160","(708) 345-7735","(708) 345-8620","anthony.coco@veoliaes.com","Private","Advanced Disposal Services, Inc.","AIGH","Mr. Dick Hoving",NA,NA,"4700 West Lake Street","Melrose Park, IL  60160","(708) 345-7735","(708) 345-8620",NA,"C&D Waste, MSW, Yard Waste",NA
"83","IL0270","TS","TS","Advanced Disposal Northbrook Transfer Station","0312073004/1980-025-OP","IL-48","2750 Shermer Road","Northbrook","Cook","IL","60062",-87.829465,42.10331,"Highway","Regional Waste District","Mon-Fri 6:30am-3:30pm",312,1,463.02,"463 TPD",463.02,"MSW: 463 TPD",74.75,"MSW: $74.75 /Ton",0,1981-03-15,NA,"Private","Advanced Disposal Services, Inc.","AIGH","Mr. Ben Dykstra","General Manager","Northbrook Transfer Station","2750 Shermer Road","Northbrook, IL  60062","(847) 272-4145","(847) 272-9610","ben.dykstra@veoliaes.com","Private","Advanced Disposal Services, Inc.","AIGH","Mr. Ben Dykstra","General Manager","Northbrook Transfer Station","2750 Shermer Road","Northbrook, IL  60062","(847) 272-4145","(847) 272-9610","ben.dykstra@veoliaes.com","C&D Waste, Rubble, MSW, Recyclables, Yard Waste",NA
"84","IL0271","TS","TS","Advanced Disposal Rolling Meadows Transfer Station","0312730009/1989-31-DE/OP","IL-49","3851 Berdnick Street","Rolling Meadows","Cook","IL","60008",-88.026881,42.101902,"Highway","County/Metro.","Mon-Fri 6am-4pm, Sat 6am-9am",312,3,708.23,"708 TPD",708.23,"MSW: 708 TPD",66,"MSW: $66.00 /Ton",0,1998-12-01,NA,"Private","Advanced Disposal Services, Inc.","AIGH","Mr. Marco Dukic","General Manager","Rolling Meadows Transfer Station","3851 Berdnick Street","Rolling Meadows, IL  60008","(847) 776-7529","(847) 776-7817",NA,"Private","Advanced Disposal Services, Inc.","AIGH","Mr. Marco Dukic","General Manager","Rolling Meadows Transfer Station","3851 Berdnick Street","Rolling Meadows, IL  60008","(847) 776-7529","(847) 776-7817",NA,"C&D Waste, Rubble, MSW, Shingles, Truck Tires, Tires, Wood","Appliances, Yard Waste"
"85","IL0315","TS","TS","Advanced Disposal Roscoe Transfer Station","2010400008","IL-50","13125 North Second Street","Roscoe","Winnebago","IL","610738227",-89.017841,42.443814,"Highway","County/Metro.","Mon-Fri 7am-3:30pm, Sat 7am-11am",312,0,244.75,"244 TPD",244.75,"MSW: 244 TPD",64.66,"MSW: $64.66 /Ton",0,1984-01-01,NA,"Private","ADS Waste Holdings, Inc.","AIGH",NA,NA,NA,NA,NA,NA,NA,NA,"Private","One Source Recycling Inc","AIGH","Mr. Greg Kaminski","General Manager",NA,"13125 North 2nd Street","Roscoe, IL  61073-8227","(815) 389-6563","(815) 389-6463",NA,"C&D Waste, MSW, Shingles, Yard Waste","Freon Appl."
"86","IN0260","TS","TS","Advanced Disposal Evansville Transfer Station","82-20","IN-50","12900 Warrick County Line Road, .5 mi N of Booneville-New Harmony Rd.","Evansville","Vanderburgh","IN","47711",-87.474786,38.094013,"Highway",NA,"Mon-Fri 7am-3:30pm, Sat 7am-11am",312,0,416.44,"416 TPD",389.09,"MSW: 389 TPD",60,"MSW: $60.00 /Ton",0,NA,NA,"Private","Advanced Disposal Services, Inc.","AIGH","Mr. Danny Elpers","General Manager",NA,"3726 East State Road 64","Winslow, IN  47598","(812) 789-2647","(812) 867-2899","dan.elpers@veoliaes.com","Private","Advanced Disposal Services, Inc.","AIGH","Mr. Danny Elpers","General Manager","Evansville Transfer Station","12800 Warrick County Line Rd","Evansville, IN  47711-9789","(812) 867-1014","(812) 867-2899","dan.elpers@veoliaes.com","C&D Waste, Indust. Waste, MSW, Truck Tires, Tractor Tires, Tires",NA
"87","MI1610","TS","TS","Advanced Disposal Dearborn Transfer Station","8405","MI-57","3051 Schaefer Road","Dearborn","Wayne","MI","48126",-83.176364,42.305753,"Highway",NA,"Mon-Fri 8am-4:30pm, Sat 7am-11:30pm",312,6,300,"300 TPD",300,"MSW: 100-500 TPD",50,"MSW: $50.00 /Ton",0,1996-10-14,NA,"Private","ADS Waste Holdings, Inc.","AIGH",NA,NA,NA,NA,NA,NA,NA,NA,"Private","Advanced Disposal Services, Inc.","AIGH","Mr. Mike Merton","Facility Manager","Dearborn Transfer Station","3051 Schaefer Road","Dearborn, MI  48126","(313) 436-8333","(313) 436-3008","thomas.zaracki@veoliaes.com","C&D Waste, Indust. Waste, Rubble, MSW, Wood",NA
"88","MI1706","TS","TS","Advanced Disposal Roseville Transfer Station","8352","MI-58","28315 Groesbeck Hwy","Roseville","Macomb","MI","480662328",-82.961621,42.506569,"Highway","County/Metro.","Mon-Fri 7am-3:30pm",260,11,63,"63 TPD",63,"MSW: 25-100 TPD",41,"MSW: $41.00 /Ton",0,1996-03-22,NA,"Private","Advanced Disposal Services, Inc.","AIGH","Mr. Dave Rettell","General Manager","Arbor Hills Landfill","10690 West Six Mile Road","Northville, MI  48167","(248) 349-3215","(248) 349-5634","dave.rettell@veoliaes.com","Private","Advanced Disposal Services, Inc.","AIGH","Mr. Ralph Rubikowski","Site Manager","Roseville Transfer Station","28315 Groesbeck Hwy","Roseville, MI  48066","(586) 774-9108","(586) 774-1568",NA,"C&D Waste, MSW","Cont. Soil, Sludge, Tires, Yard Waste"
"89","MI1737","TS","TS","Pontiac Transfer Station",NA,"MI-153","575 Collier Road","Auburn Hills","Oakland","MI","48326",-83.287359,42.692553,"Highway","County/Metro.","Mon-Fri 7:30am-4:30pm, Sat 7:30am-11:30am",312,0,328.41,"328 TPD",325.99,"MSW: 325 TPD",66,"MSW: $66.00 /Ton",0,2006-10-01,NA,"Private","Advanced Disposal Services, Inc.","AIGH","Mr. Brian Malinowski","General Manager","Pontiac Landfill, Inc.","575 Collier Road","Auburn Hills, MI  48326","(248) 451-1570","(248) 451-9074",NA,"Private","Advanced Disposal Services, Inc.","AIGH","Mr. Brian Malinowski","General Manager","Pontiac Landfill, Inc.","575 Collier Road","Auburn Hills, MI  48326","(248) 451-1570","(248) 451-9074",NA,"C&D Waste, MSW, Non-haz Ash, Yard Waste",NA
"90","MO0154","TS","TS","Advanced Disposal Bethany Transfer Station","0408101","MO-22","4200 Roleke Drive","Bethany","Harrison","MO","64424",-94.01151,40.270972,"Highway","County/Metro.","Mon-Fri 8am-4:30pm",260,3,35,"35 TPD",35,"MSW: 35 TPD",53,"MSW: $53.00 /Ton",0,NA,NA,"Private","Advanced Disposal Services, Inc.","AIGH","Mr. Dave Sellhorst","General Manager","Maple Hill Landfill","31226 Intrepid Rd., PO Box 389","Bevier, MO  63532","(660) 773-5459","(660) 773-6690",NA,"Private","Advanced Disposal Services, Inc.","AIGH","Mr. Daniel Phipps","General Manager","Bethany Transfer Station","4200 Roleke Drive","Bethany, MO  64424","(660) 425-6960",NA,NA,"C&D Waste, MSW, Recyclables",NA
"91","MO0134","TS","TS","Advanced Disposal Boonville Transfer Station","0405301","MO-23","690 Al Bersted Drive","Boonville","Cooper","MO","65233",-92.7258,38.97354,"Highway","County/Metro.","Mon-Fri 7:30am-4pm, Sat 7:30am-11:30am",312,0,60,"60 TPD",60,"MSW: 60 TPD",47.34,"MSW: $47.34 /Ton",0,1994-04-01,NA,"Public","Advanced Disposal Services, Inc.","AIGH","Mr. Dave Sellhorst","General Manager","Maple Hill Landfill","31226 Intrepid Rd., PO Box 389","Bevier, MO  63532","(660) 773-5459","(660) 773-6690",NA,"Private","Advanced Disposal Services, Inc.","AIGH","Mr. Jordan Rechenmacher","Operations Manager","Boonville Transfer Station","690 Al Bersted Drive","Boonville, MO  65233","(660) 882-7595",NA,NA,"C&D Waste, MSW, Yard Waste",NA
"92","MO0264","TS","TS","Advanced Disposal Moberly Transfer Station","0417501","MO-24","101 Martins Lane (CR 179)","Moberly","Randolph","MO","65270",-92.439212,39.369225,"Highway","Regional Waste District","Mon-Fri 8am-3:30pm",260,0,63,"63 TPD",63,"MSW: 25-100 TPD",52,"MSW: $52.00 /Ton",0,NA,NA,"Private","Advanced Disposal Services, Inc.","AIGH","Mr. Dave Sellhorst","General Manager","Maple Hill Landfill","31226 Intrepid Rd., PO Box 389","Bevier, MO  63532","(660) 773-5459","(660) 773-6690",NA,"Private","Advanced Disposal Services, Inc.","AIGH","Mr. Daniel Buckley","General Manager","Moberly Transfer Station","101 Martins Lane (CR 179)","Moberly, MO  65270","(660) 773-5459",NA,"daniel.buckley@veoliaes.com","MSW, Appliances","Non-Friable Asb., Tires"
"93","MS0116","TS","TS","Biloxi Transfer Station LLC (Inactive)","SW 0240060455","MS-128","14543 Hudson Krohn Road","Biloxi","Harrison","MS","39532",-88.943433,30.498524,"Highway","Exclusive or Captive","Mon-Fri 6am-2:30pm",260,80,197.94,"197 TPD",181.94,"MSW: 181 TPD",52,"MSW: $52.00 /Ton",0,1997-10-15,NA,"Private","Advanced Disposal Services, Inc.","AIGH","Mr. Tim Selke","Site Manager","Biloxi Transfer Station","14543 Hudson Krohn Road","Biloxi, MS  39532","(228) 328-1820",NA,NA,"Private","Advanced Disposal Services, Inc.","AIGH","Mr. Tim Selke","Site Manager","Biloxi Transfer Station","14543 Hudson Krohn Road","Biloxi, MS  39532","(228) 328-1820",NA,NA,"MSW, Recyclables","C&D Waste, Cont. Soil, Yard Waste"
"94","NJ0405","TS","TS","Advanced Disposal Jersey City Transfer Station","195492","NJ-31","375 Route 1 and 9","Jersey City","Hudson","NJ","07306",-74.064137,40.739949,"Highway",NA,"Mon 12am-Sat 12am (24 Hrs/Day)",312,0,1106.51,"1,106 TPD",1047.17,"MSW: 1,047 TPD",78.5,"MSW: $78.50 /Ton",0,NA,NA,"Private","Advanced Disposal Services, Inc.","AIGH","Mr. Steve Boyland","General Manager","Jersey City Transfer Station","375 Route 1 & 9 South","Jersey City, NJ  07306","(201) 830-3250","(201) 451-1144","sboyland@iswaste.com","Private","Advanced Disposal Services, Inc.","AIGH","Mr. Steve Boyland","General Manager","Jersey City Transfer Station","375 Route 1 & 9 South","Jersey City, NJ  07306","(201) 830-3250","(201) 451-1144","sboyland@iswaste.com","Animal Waste, C&D Waste, MSW, Appliances, Yard Waste",NA
"95","PA0377","TS","TS","Advanced Disposal Clarion County Transfer Station",NA,"PA-65","18380 Paint Blvd.","Shippenville","Clarion","PA","16254",-79.426009,41.204776,"Highway",NA,"Mon-Fri 6am-3pm",260,0,63,"63 TPD",63,"MSW: 25-100 TPD",80,"MSW: $80.00 /Ton",0,2008-07-01,NA,"Private","ADS Waste Holdings, Inc.","AIGH",NA,NA,NA,NA,NA,NA,NA,NA,"Private","Advanced Disposal Services, Inc.","AIGH","Ms. Tracy Rivers","Site Manager","Clarion County Transfer Station","18380 Paint Blvd","Shippenville, PA  16254","(814) 226-4602",NA,NA,"C&D Waste, MSW, Appliances, Yard Waste","Electronics, Tires"
"96","PA0014","TS","TS","Advanced Disposal Macungie Transfer Station","101537","PA-66","1725 Brookside Road","Macungie","Lehigh","PA","18062",-75.55509,40.55222,"Highway","County/Metro.","Mon-Fri 7am-3:30pm",260,0,220,"220 TPD",220,"MSW: 220 TPD",130,"MSW: $130.00 /Ton",0,NA,NA,"Private","Advanced Disposal Services, Inc.","AIGH","Mr. Michael Reets","General Manager","McAuliffe Transfer Station","4816 Timberline Rd, PO Box 59","Walnutport, PA  18088","(610) 366-7356","(610) 767-1913","esaxton@iswaste.com","Private","Advanced Disposal Services, Inc.","AIGH","Mr. Michael Reets","General Manager","McAuliffe Transfer Station","4816 Timberline Rd, PO Box 59","Walnutport, PA  18088","(610) 366-7356","(610) 767-1913","esaxton@iswaste.com","C&D Waste, MSW","Non-Friable Asb., Truck Tires, Tractor Tires, Tires, Yard Waste"
"97","PA0176","TS","TS","Advanced Disposal Warren County Transfer Station","101603","PA-68","32870 Route 6","Pittsfield","Warren","PA","16340",-79.398751,41.867276,"Highway","County/Metro.","Mon-Fri 7am-3pm",260,0,44.5,"44 TPD",32,"MSW: 32 TPD",100,"MSW: $100.00 /Ton",0,NA,NA,"Private","Advanced Disposal Services, Inc.","AIGH","Mr. Edward Yahner","Area Manager","Warren County Transfer Station","32870 Route 6","Pittsfield, PA  16340","(814) 563-4225","(814) 563-4023","edward.yahner@veoliaes.com","Private","Advanced Disposal Services, Inc.","AIGH","Mr. Dan Ristaw","Operations Manager","Warren County Transfer Station","32870 Route 6","Pittsfield, PA  16340","(814) 723-4360","(814) 563-4023",NA,"C&D Waste, MSW, Tires, Appliances, Yard Waste",NA
"98","WI0220","TS","TS","Advanced Disposal Germantown Transfer","03105","WI-49","N104 W13075 Donges Bay Road","Germantown","Washington","WI","53022",-88.078154,43.206311,"Highway","County/Metro.","Mon-Fri 8am-5pm",260,0,85,"85 TPD",85,"MSW: 85 TPD",66,"MSW: $66.00 /Ton",0,NA,NA,"Private","Advanced Disposal Services, Inc.","AIGH","Mr. Chris Rooney","Area Manager","Onyx Waste Services Germantown","13075 Donges Bay Road","Germantown, WI  53022","(262) 242-7074","(262) 242-0709","chris.rooney@veoliaes.com","Private","Advanced Disposal Services, Inc.","AIGH","Mr. Chris Rooney","Area Manager","Onyx Waste Services Germantown","13075 Donges Bay Road","Germantown, WI  53022","(262) 242-7074","(262) 242-0709","chris.rooney@veoliaes.com","C&D Waste, MSW","Yard Waste"
"99","WI0506","TS","TS","Advanced Disposal Green Bay Transfer",NA,"WI-50","1799 County Road PP","De Pere","Brown","WI","54115",-88.055871,44.419934,"Highway",NA,"Mon-Fri 7:30am-4pm",260,0,63,"63 TPD",63,"MSW: 25-100 TPD",55,"MSW: $55.00 /Ton",0,NA,NA,"Private","Advanced Disposal Services, Inc.","AIGH","Mr. Brian Hopkins","General Manager","Green Bay Transfer Station","1799 County Trunk PP","De Pere, WI  54115","(920) 983-3341","(920) 983-3348","brian.hopkins@advanceddisposal.com","Private","Advanced Disposal Services, Inc.","AIGH","Mr. Brian Hopkins","General Manager","Green Bay Transfer Station","1799 County Trunk PP","De Pere, WI  54115","(920) 983-3341","(920) 983-3348","brian.hopkins@advanceddisposal.com","C&D Waste, MSW","Yard Waste"
"100","WI0508","TS","TS","Advanced Disposal Hartland Transfer Station",NA,"WI-52","630 Industrial Drive, 559 Progress Drive (former)","Hartland","Waukesha","WI","53029",-88.355014,43.094955,"Highway","Exclusive or Captive","Mon-Fri 8am-4pm, Sat 7am-11am (Not open to outside haulers)",312,0,300,"300 TPD",300,"MSW: 100-500 TPD",50,"MSW: $50.00 /Ton",0,NA,NA,"Private","Advanced Disposal Services, Inc.","AIGH","Mr. Lyle Paullin","General Manager",NA,"559 Progress Drive","Hartland, WI  53029-2327","(262) 367-6040","(262) 367-5502",NA,"Private","Advanced Disposal Services, Inc.","AIGH","Mr. Lyle Paullin","General Manager",NA,"559 Progress Drive","Hartland, WI  53029-2327","(262) 367-6040","(262) 367-5502",NA,"C&D Waste, MSW, Appliances, Yard Waste",NA
"101","WI0549","TS","TS","Advanced Disposal Minocqua Transfer Station","04172","WI-58","9113 County Rd J","Minocqua","Oneida","WI","54548",-89.677872,45.890706,"Highway",NA,"Mon-Thu 8am-4:30pm, Fri 8am-4pm",260,0,12.5,"12 TPD",12.5,"MSW: Less than 25 TPD",130,"MSW: $130.00 /Ton",0,NA,NA,"Private","ADS Waste Holdings, Inc.","AIGH",NA,NA,NA,NA,NA,NA,NA,NA,"Private","Advanced Disposal Services, Inc.","AIGH","Mr. Todd Mitchell","General Manager","Minocqua Transfer Station","9113 County Rd J","Minocqua, WI  54548","(800) 303-9089","(715) 359-2123","todd.mitchell@veoliaes.com","C&D Waste, Electronics, MSW, Appliances",NA
"102","WI0509","TS","TS","Advanced Disposal Roberts Transfer Station","03980","WI-60","100 Packer Drive","Roberts","Saint Croix","WI","54023",-92.546017,44.990442,"Highway",NA,"Mon-Fri 7am-3:30pm, 1st, 3rd, 5th Sat 7am-11:30am",312,0,63,"63 TPD",63,"MSW: 25-100 TPD",93,"MSW: $93.00 /Ton",0,NA,NA,"Private","Advanced Disposal Services, Inc.","AIGH",NA,NA,NA,"100 Packer Drive","Roberts, WI  54023","(715) 749-3855",NA,NA,"Private","Advanced Disposal Services, Inc.","AIGH",NA,NA,NA,"100 Packer Drive","Roberts, WI  54023","(715) 749-3855","(715) 839-7353",NA,"C&D Waste, MSW",NA
"103","WI0231","TS","TS","Advanced Disposal West Allis Transfer Station","03009","WI-63","5032 W Rogers St","West Allis","Milwaukee","WI","53219",-87.976551,43.008652,"Highway","County/Metro.","Mon-Fri 8am-4:30pm",260,1,158,"158 TPD",158,"MSW: 158 TPD",42,"MSW: $42.00 /Ton",0,NA,NA,"Private","ADS Waste Holdings, Inc.","AIGH",NA,NA,NA,NA,NA,NA,NA,NA,"Private","Advanced Disposal Services, Inc.","AIGH","Mr. Brian Schlomann","Maintenance Manager","West Allis Transfer Station","5032 W Rogers St","West Allis, WI  53219","(262) 971-1382",NA,"brian.schlomann@veoliaes.com","MSW",NA
"104","WI0249","TS","TS","Advanced Disposal West Bend Transfer Station","03013","WI-64","803 North River Road","West Bend","Washington","WI","53095",-88.160504,43.431015,"Highway","County/Metro.","Mon-Fri 7am-3pm",260,2,63,"63 TPD",63,"MSW: 25-100 TPD",78,"MSW: $78.00 /Ton",0,NA,NA,"Private","Advanced Disposal Services, Inc.","AIGH","Mr. Lonn Walter","General Manager",NA,"North 7296 Highway V","Horicon, WI  53032","(920) 387-0987","(920) 387-0999",NA,"Private","Advanced Disposal Services, Inc.","AIGH","Mr. Lonn Walker","General Manager","West Bend Transfer Station","803 North River Road","West Bend, WI  53095","(262) 334-5618","(262) 334-5648","lonn.walter@veoliaes.com","C&D Waste, MSW, Tires",NA
